group,label,kind,Year 0,Year 1,Year 2,Year 3,Year 4,Year 5,Year 6,Year 7,Year 8,Year 9,Year 10,Year 11,Year 12,Year 13,Total
Federal revenue changes,Income tax,flow,-46.45626791942859,-79.13223754754729,-108.54232623921952,-137.8480411035829,-167.7595596063373,-198.4815656347533,-440.54289502329357,-711.6945544123508,-993.1336844580176,-1210.0720129701376,-1246.0343631932362,-1243.994269780824,-1227.022395129211,-1201.0429057926506,-9011.757078810591
Federal revenue changes,Payroll (FICA),flow,-45.392856425083686,-77.19368106973636,-105.56442837701587,-133.7426953852758,-162.47224757775976,-191.97636970935937,-432.82829244685536,-702.3667055328059,-982.5500838145966,-1198.8798590556453,-1230.1990455953498,-1224.4248239673648,-1203.8702274403183,-1175.1739552721226,-8866.63527166929
Federal revenue changes,Corporate recovery,flow,33.27637445507348,55.38338688633221,79.0962901362519,104.41508420483257,131.33976909207422,159.87034479797683,344.21523790315285,540.1582313653248,747.6993251844926,905.2180119866316,905.2180119866316,905.9614939100339,905.9614939100339,906.0125772511662,6723.825633070009
Federal revenue changes,Windfall capital gains,flow,0.0,0.8547081482159129,1.3833920043565002,1.928463976106221,2.48926853884071,3.065176388920577,3.6555833948520062,8.151482114362473,12.7386343895991,17.41339007833285,21.689313070787616,21.77470113584784,21.45388568352699,20.91376484921541,137.5117637729642
Federal revenue changes,Compute-pool tax,flow,6.032030958176592,10.019683063506255,14.283660316653696,18.823962717618922,23.640590266401933,28.733542963002712,61.780472477212456,96.82308361455061,133.86137637501722,161.87439947085198,161.87439947085198,162.01236981516638,162.01236981516638,162.02130873367156,1203.7932500578486
Federal revenue changes,Survivor wage taxes,flow,11.226891462671833,27.541263044888282,41.4279770059543,54.757718850088864,68.23299266695656,81.98312514279118,142.75525194779723,228.06130038829676,298.4220033732737,206.27053970206896,107.84508914218392,54.47698312879864,22.340609100351745,4.368049920349349,1349.7097948764713
Federal revenue changes,Overflow corporate tax,flow,0.0,0.0,0.0,0.0,0.0,0.0,0.0,0.0,0.0,42.33544962531195,80.3452766809895,101.54164499641948,114.2267316090372,121.68644935496518,460.1355522667233
Federal revenue changes,Automation (robot) tax,flow,0.0,0.0,0.0,0.0,0.0,0.0,0.0,0.0,0.0,0.0,0.0,0.0,0.0,0.0,0.0
Federal revenue changes,UBI recapture,flow,0.0,0.0,0.0,0.0,0.0,0.0,0.0,0.0,0.0,0.0,0.0,0.0,0.0,0.0,0.0
Federal revenue changes,SWF profit share,flow,0.0,0.0,0.0,0.0,0.0,0.0,0.0,0.0,0.0,0.0,0.0,0.0,0.0,0.0,0.0
Federal revenue changes,Federal VAT,flow,0.0,0.0,0.0,0.0,0.0,0.0,0.0,0.0,0.0,0.0,0.0,0.0,0.0,0.0,0.0
Federal revenue changes,Tax on UI benefits,flow,3.7449006869828136,2.5787709706765365,2.82764388954167,3.076516808406805,3.325389727271942,3.5742626461370732,22.449725948553898,24.247141473690988,26.04455699882807,20.186200574941367,0.0,0.11594051876989481,0.0,0.006949207542229635,112.1779994513433
Federal revenue changes,Income tax surcharge,flow,0.0,0.0,0.0,0.0,0.0,0.0,0.0,0.0,0.0,0.0,0.0,0.0,0.0,0.0,0.0
Federal revenue changes,Capital tax surcharge,flow,0.0,0.0,0.0,0.0,0.0,0.0,0.0,0.0,0.0,0.0,0.0,0.0,0.0,0.0,0.0
Federal revenue changes,Excise surcharge,flow,0.0,0.0,0.0,0.0,0.0,0.0,0.0,0.0,0.0,0.0,0.0,0.0,0.0,0.0,0.0
Federal revenue changes,Δ Federal revenue,subtotal,-37.56892678160756,-59.948106503664484,-75.08779126347731,-88.5889899318053,-101.2037968925517,-113.23148340528431,-298.51491579858043,-516.6200209889312,-756.9178719514033,-1055.6538805876444,-1199.2613184371414,-1222.5359602431527,-1204.8975324514133,-1161.2077617478633,-7891.238356984521
Federal outlay changes,Means-tested transfers,flow,18.882456670060716,36.448265838811466,50.69345096235771,64.90711868959049,79.49873122122342,94.58683617061075,202.74043018677327,346.5527018701801,497.4729644666394,623.4686661137509,659.9690567188333,653.619252357113,639.5501782224615,621.3160778460167,4589.706187334423
Federal outlay changes,Unemployment insurance,flow,37.44900686982814,25.787709706765362,28.276438895416696,30.765168084068048,33.25389727271942,35.742626461370726,224.49725948553893,242.47141473690985,260.4455699882807,201.8620057494137,0.0,1.1594051876989484,0.0,0.06949207542229635,1121.7799945134327
Federal outlay changes,SSDI,flow,0.0,3.4910055487093867,9.285671116197511,16.959860225934122,26.39577630915003,37.546728038510146,50.38793167233232,82.46455099350715,135.27092122789975,208.82804526175772,296.95308942337044,382.41098943683375,462.328483412068,535.7477083283151,2248.0707609945853
Federal outlay changes,UBI (gross),flow,0.0,0.0,0.0,0.0,0.0,0.0,0.0,0.0,0.0,0.0,0.0,0.0,0.0,0.0,0.0
Federal outlay changes,Δ Federal outlays,subtotal,56.33146353988886,65.72698109428622,88.25556097397191,112.63214699959266,139.14840480309286,167.8761906704916,477.6256213446445,671.4886676005971,893.1894556828198,1034.1587171249223,956.9221461422037,1037.1896469816456,1101.8786616345294,1157.133278249754,7959.556942842441
Net,Net fiscal impact (federal),net,-93.90039032149642,-125.6750875979507,-163.3433522374492,-201.22113693139795,-240.35220169564457,-281.1076740757759,-776.140537143225,-1188.1086885895284,-1650.107327634223,-2089.8125977125665,-2156.183464579345,-2259.7256072247983,-2306.7761940859427,-2318.3410399976174,-15850.795299826961
Levels,Federal revenue (absolute),level,4945.231073218392,4922.851893496336,4907.712208736523,4894.211010068195,4881.596203107449,4869.568516594716,4684.2850842014195,4466.179979011069,4225.882128048597,3927.146119412356,3783.538681562859,3760.2640397568475,3777.902467548587,3821.5922382521367,3821.5922382521367
Levels,Federal deficit (absolute),level,1926.9003903214964,1958.6750875979506,1996.3433522374492,2034.221136931398,2073.3522016956445,2114.107674075776,2609.1405371432247,3021.1086885895284,3483.107327634223,3922.8125977125665,3989.183464579345,4092.725607224798,4139.776194085943,4151.341039997617,4151.341039997617
Levels,Federal debt (Δ cumulative),level,93.9003903214964,223.33149353230692,395.60810551104845,612.6535666628885,877.5119110250486,1193.7200615418265,2017.6094011467244,3286.4224657821214,5067.98669204763,7360.518757442102,9811.12297231913,12463.293498436695,15268.601432460107,18197.686529756127,18197.686529756127
Levels,Deficit (% of GDP),level,6.431479923803946,5.9660770655709925,5.544973661197793,5.148489147564848,4.778245780327704,4.433528188989847,4.556823742192677,4.4146737572794725,4.277107478261829,4.177388341196932,3.9407122291439673,3.746191562913052,3.510753814149712,3.260902914737528,3.260902914737528
State & local,State income tax,flow,-11.330025429520365,-19.38743614231122,-26.601484707458223,-33.79831673663157,-41.15315844884799,-48.71859910753302,-108.71660804043806,-176.29210547393973,-246.57311511765982,-300.8755168125839,-309.6989726135082,-308.8429159223109,-304.15550789622387,-296.35331184265004,-2232.4970742916166
State & local,State consumption tax,flow,-3.6429851181681703,-6.9488413809648035,-9.640635249910359,-12.313527066997535,-15.04023656904257,-17.842481473079957,-37.452431284451414,-63.24509052338823,-90.08540606321722,-112.27429733831866,-119.27668458592133,-118.64973716301395,-116.6431298183502,-113.8623220120456,-836.91780564687
State & local,Survivor wage taxes (state),flow,1.4186262723821497,3.4794010000399447,5.232710593466051,6.914224805712755,8.613013749199592,10.344481147176754,17.999094447733206,28.68637903307556,37.32259231646738,25.397710571992306,12.567959831893543,5.712794362484916,1.6328164282482867,0.037148719263670464,165.35895327913613
State & local,State income surcharge,flow,0.0,0.0,0.0,0.0,0.0,0.0,0.0,0.0,0.0,0.0,0.0,0.0,0.0,0.0,0.0
State & local,State corporate surcharge,flow,0.0,0.0,0.0,0.0,0.0,0.0,0.0,0.0,0.0,0.0,0.0,0.0,0.0,0.0,0.0
State & local,State consumption surcharge,flow,0.0,0.0,0.0,0.0,0.0,0.0,0.0,0.0,0.0,0.0,0.0,0.0,0.0,0.0,0.0
State & local,State transfers (outlay),flow,5.288192426394081,10.506050435934121,14.563533303004679,18.56687554137219,22.64242157791936,26.829473493687185,56.86893454672421,98.54978809130941,142.12044437826032,179.0081771902026,191.0894273477173,188.77133326506797,184.1984948955133,178.2774525661046,1317.2805990592112
State & local,Net fiscal impact (state),net,-18.84257670170047,-33.3629269591702,-45.57294266690722,-57.764494539288506,-70.22280284661034,-83.0460729271234,-185.03887942388045,-309.40060505556175,-441.4563732426698,-566.7602807691128,-607.4971247152532,-610.5511919879077,-603.3643161818388,-588.4559377015368,-4221.3365257185615
State & local,Gap states must close,memo,18.84257670170047,33.3629269591702,45.57294266690722,57.764494539288506,70.22280284661034,83.0460729271234,185.03887942388045,309.40060505556175,441.4563732426698,566.7602807691128,607.4971247152532,610.5511919879077,603.3643161818388,588.4559377015368,4221.3365257185615
State & local,…closed via rate hikes,memo,9.421288350850235,16.6814634795851,22.78647133345361,28.882247269644253,35.11140142330517,41.5230364635617,92.51943971194022,154.70030252778088,220.7281866213349,283.3801403845564,303.7485623576266,305.27559599395386,301.6821580909194,294.2279688507684,2110.6682628592807
State & local,…closed via spending cuts,memo,9.421288350850235,16.6814634795851,22.78647133345361,28.882247269644253,35.11140142330517,41.5230364635617,92.51943971194022,154.70030252778088,220.7281866213349,283.3801403845564,303.7485623576266,305.27559599395386,301.6821580909194,294.2279688507684,2110.6682628592807
