key,p10,p50,p90,base_final,top_lever,top_rho
custom,495.8,652.3,782.8,655.2,adoption_end,0.7445
custom~cw-robot-tax,482.2,630.7,814.6,647.1,adoption_end,0.7577
custom~grt-robot-tax,476.9,623.8,807.0,639.8,adoption_end,0.7557
custom~ubi,1583.8,1828.1,2095.3,1837.8,ubi_annual,0.7983
custom~compute-parity,444.7,581.0,707.0,587.6,adoption_end,0.7197
custom~swf,214.3,311.4,431.1,326.9,adoption_end,0.5184
custom~fed-vat,-501.7,-289.6,-40.7,-256.4,fed_vat_rate,-0.6629
custom~cw-robot-tax+ubi,1566.6,1838.5,2115.1,1829.7,ubi_annual,0.8152
custom~cw-robot-tax+compute-parity,426.9,568.1,728.4,579.5,adoption_end,0.7287
custom~cw-robot-tax+swf,196.8,304.5,431.2,318.3,swf_profit_share,-0.5511
custom~cw-robot-tax+fed-vat,-511.7,-283.2,-54.0,-264.6,fed_vat_rate,-0.7142
custom~grt-robot-tax+ubi,1561.6,1831.0,2105.8,1822.5,ubi_annual,0.8158
custom~grt-robot-tax+compute-parity,422.3,561.0,719.8,572.2,adoption_end,0.7266
custom~grt-robot-tax+swf,192.5,296.8,423.8,310.7,swf_profit_share,-0.556
custom~grt-robot-tax+fed-vat,-517.4,-290.6,-61.8,-271.8,fed_vat_rate,-0.7172
custom~ubi+compute-parity,1526.9,1767.8,2024.0,1770.2,ubi_annual,0.8195
custom~ubi+swf,1243.7,1503.1,1757.9,1509.6,ubi_annual,0.8374
custom~ubi+fed-vat,557.7,847.7,1185.9,857.5,ubi_annual,0.6522
custom~compute-parity+swf,143.7,241.9,349.1,259.3,swf_profit_share,-0.5417
custom~compute-parity+fed-vat,-564.9,-363.0,-124.3,-324.0,fed_vat_rate,-0.6972
custom~swf+fed-vat,-781.5,-620.5,-412.5,-584.7,fed_vat_rate,-0.7237
custom~cw-robot-tax+ubi+compute-parity,1502.9,1763.3,2031.1,1762.1,ubi_annual,0.8325
custom~cw-robot-tax+ubi+swf,1252.7,1528.1,1777.4,1501.0,ubi_annual,0.8452
custom~cw-robot-tax+ubi+fed-vat,506.9,887.5,1207.8,849.3,ubi_annual,0.6731
custom~cw-robot-tax+compute-parity+swf,142.4,238.5,359.0,250.7,swf_profit_share,-0.5866
custom~cw-robot-tax+compute-parity+fed-vat,-573.6,-345.3,-140.8,-332.2,fed_vat_rate,-0.7395
custom~cw-robot-tax+swf+fed-vat,-821.3,-610.3,-391.7,-593.3,fed_vat_rate,-0.83
custom~grt-robot-tax+ubi+compute-parity,1496.7,1757.2,2023.1,1754.8,ubi_annual,0.8339
custom~grt-robot-tax+ubi+swf,1245.2,1518.6,1768.0,1493.3,ubi_annual,0.8459
custom~grt-robot-tax+ubi+fed-vat,497.3,879.1,1201.3,842.1,ubi_annual,0.6744
custom~grt-robot-tax+compute-parity+swf,137.4,230.8,349.3,243.1,swf_profit_share,-0.5899
custom~grt-robot-tax+compute-parity+fed-vat,-579.3,-353.2,-148.7,-339.4,fed_vat_rate,-0.7432
custom~grt-robot-tax+swf+fed-vat,-829.6,-617.7,-401.3,-601.0,fed_vat_rate,-0.8306
custom~ubi+compute-parity+swf,1178.0,1432.3,1687.0,1442.0,ubi_annual,0.8425
custom~ubi+compute-parity+fed-vat,484.7,781.7,1124.3,789.9,ubi_annual,0.6583
custom~ubi+swf+fed-vat,184.3,526.5,844.5,529.2,ubi_annual,0.6676
custom~compute-parity+swf+fed-vat,-836.3,-683.7,-484.1,-652.3,fed_vat_rate,-0.7513
custom~cw-robot-tax+ubi+compute-parity+swf,1193.5,1460.5,1708.2,1433.4,ubi_annual,0.8449
custom~cw-robot-tax+ubi+compute-parity+fed-vat,446.4,818.9,1138.0,781.7,ubi_annual,0.6816
custom~cw-robot-tax+ubi+swf+fed-vat,212.6,531.5,825.0,520.6,ubi_annual,0.7155
custom~cw-robot-tax+compute-parity+swf+fed-vat,-885.3,-675.5,-467.4,-660.9,fed_vat_rate,-0.845
custom~grt-robot-tax+ubi+compute-parity+swf,1187.2,1452.4,1698.2,1425.7,ubi_annual,0.846
custom~grt-robot-tax+ubi+compute-parity+fed-vat,439.0,810.7,1130.3,774.5,ubi_annual,0.6829
custom~grt-robot-tax+ubi+swf+fed-vat,204.8,525.6,815.3,513.0,ubi_annual,0.7174
custom~grt-robot-tax+compute-parity+swf+fed-vat,-892.7,-685.3,-476.2,-668.6,fed_vat_rate,-0.8459
custom~ubi+compute-parity+swf+fed-vat,121.5,460.7,779.9,461.6,ubi_annual,0.6712
custom~cw-robot-tax+ubi+compute-parity+swf+fed-vat,156.3,470.2,755.8,453.0,ubi_annual,0.7139
custom~grt-robot-tax+ubi+compute-parity+swf+fed-vat,149.9,463.2,746.9,445.3,ubi_annual,0.7156
acemoglu-modest,-19.0,-11.3,-4.2,-12.3,price_reduction_share,0.6011
acemoglu-modest~cw-robot-tax,-20.8,-12.0,-4.0,-12.7,reabsorption_rate,-0.6515
acemoglu-modest~grt-robot-tax,-21.2,-12.4,-4.4,-13.1,reabsorption_rate,-0.6474
acemoglu-modest~ubi,1044.4,1260.0,1490.4,1278.9,ubi_annual,0.9252
acemoglu-modest~compute-parity,-24.1,-14.8,-7.7,-16.1,price_reduction_share,0.5816
acemoglu-modest~swf,-69.8,-49.9,-33.8,-50.9,cognitive_feasibility,-0.5778
acemoglu-modest~fed-vat,-1185.8,-985.2,-824.4,-986.6,fed_vat_rate,-0.998
acemoglu-modest~cw-robot-tax+ubi,1037.7,1292.7,1505.0,1278.4,ubi_annual,0.9077
acemoglu-modest~cw-robot-tax+compute-parity,-25.2,-15.5,-7.3,-16.5,reabsorption_rate,-0.6176
acemoglu-modest~cw-robot-tax+swf,-65.7,-48.7,-34.3,-51.4,retained_profit_share,-0.5339
acemoglu-modest~cw-robot-tax+fed-vat,-1141.3,-978.3,-828.6,-987.0,fed_vat_rate,-0.9978
acemoglu-modest~grt-robot-tax+ubi,1037.4,1292.3,1504.5,1278.0,ubi_annual,0.9077
acemoglu-modest~grt-robot-tax+compute-parity,-25.6,-15.9,-7.6,-16.9,reabsorption_rate,-0.6141
acemoglu-modest~grt-robot-tax+swf,-66.3,-49.1,-34.6,-51.8,retained_profit_share,-0.5314
acemoglu-modest~grt-robot-tax+fed-vat,-1141.6,-978.6,-828.9,-987.4,fed_vat_rate,-0.9977
acemoglu-modest~ubi+compute-parity,1041.3,1255.8,1486.5,1275.1,ubi_annual,0.9253
acemoglu-modest~ubi+swf,990.9,1222.2,1473.1,1240.2,ubi_annual,0.9131
acemoglu-modest~ubi+fed-vat,-31.5,225.6,533.9,243.0,ubi_annual,0.7438
acemoglu-modest~compute-parity+swf,-74.1,-53.2,-36.9,-54.7,cognitive_feasibility,-0.5855
acemoglu-modest~compute-parity+fed-vat,-1188.7,-989.3,-827.6,-990.3,fed_vat_rate,-0.9978
acemoglu-modest~swf+fed-vat,-1206.9,-1027.8,-861.5,-1025.2,fed_vat_rate,-0.9954
acemoglu-modest~cw-robot-tax+ubi+compute-parity,1033.8,1288.4,1500.8,1274.6,ubi_annual,0.9079
acemoglu-modest~cw-robot-tax+ubi+swf,991.8,1272.0,1514.3,1239.7,ubi_annual,0.9141
acemoglu-modest~cw-robot-tax+ubi+fed-vat,-60.4,248.4,571.9,242.6,ubi_annual,0.7491
acemoglu-modest~cw-robot-tax+compute-parity+swf,-69.8,-52.4,-37.6,-55.2,retained_profit_share,-0.5138
acemoglu-modest~cw-robot-tax+compute-parity+fed-vat,-1144.5,-981.1,-832.4,-990.8,fed_vat_rate,-0.9976
acemoglu-modest~cw-robot-tax+swf+fed-vat,-1220.6,-1016.7,-853.6,-1025.7,fed_vat_rate,-0.9944
acemoglu-modest~grt-robot-tax+ubi+compute-parity,1033.5,1287.9,1500.5,1274.2,ubi_annual,0.9079
acemoglu-modest~grt-robot-tax+ubi+swf,991.4,1271.6,1513.8,1239.3,ubi_annual,0.9141
acemoglu-modest~grt-robot-tax+ubi+fed-vat,-60.7,248.1,571.4,242.2,ubi_annual,0.7491
acemoglu-modest~grt-robot-tax+compute-parity+swf,-70.3,-52.9,-38.0,-55.6,retained_profit_share,-0.5113
acemoglu-modest~grt-robot-tax+compute-parity+fed-vat,-1144.8,-981.3,-832.7,-991.2,fed_vat_rate,-0.9976
acemoglu-modest~grt-robot-tax+swf+fed-vat,-1220.9,-1017.2,-854.0,-1026.1,fed_vat_rate,-0.9943
acemoglu-modest~ubi+compute-parity+swf,987.6,1219.2,1468.2,1236.4,ubi_annual,0.913
acemoglu-modest~ubi+compute-parity+fed-vat,-35.5,221.8,529.2,239.3,ubi_annual,0.7438
acemoglu-modest~ubi+swf+fed-vat,-135.6,197.6,497.2,204.4,ubi_annual,0.7282
acemoglu-modest~compute-parity+swf+fed-vat,-1211.3,-1032.0,-865.2,-1029.0,fed_vat_rate,-0.995
acemoglu-modest~cw-robot-tax+ubi+compute-parity+swf,988.3,1268.4,1508.3,1236.0,ubi_annual,0.9136
acemoglu-modest~cw-robot-tax+ubi+compute-parity+fed-vat,-63.7,246.0,567.9,238.8,ubi_annual,0.7479
acemoglu-modest~cw-robot-tax+ubi+swf+fed-vat,-86.5,182.5,505.8,203.9,ubi_annual,0.7279
acemoglu-modest~cw-robot-tax+compute-parity+swf+fed-vat,-1222.8,-1020.6,-856.9,-1029.5,fed_vat_rate,-0.994
acemoglu-modest~grt-robot-tax+ubi+compute-parity+swf,987.9,1268.1,1507.8,1235.5,ubi_annual,0.9135
acemoglu-modest~grt-robot-tax+ubi+compute-parity+fed-vat,-64.0,245.5,567.6,238.4,ubi_annual,0.7481
acemoglu-modest~grt-robot-tax+ubi+swf+fed-vat,-87.0,182.0,505.4,203.5,ubi_annual,0.7278
acemoglu-modest~grt-robot-tax+compute-parity+swf+fed-vat,-1223.1,-1021.1,-857.3,-1029.9,fed_vat_rate,-0.994
acemoglu-modest~ubi+compute-parity+swf+fed-vat,-137.9,193.1,492.9,200.6,ubi_annual,0.7281
acemoglu-modest~cw-robot-tax+ubi+compute-parity+swf+fed-vat,-90.2,178.3,502.5,200.1,ubi_annual,0.727
acemoglu-modest~grt-robot-tax+ubi+compute-parity+swf+fed-vat,-90.8,177.8,502.1,199.7,ubi_annual,0.727
brynjolfsson-augment,-95.2,-69.9,-52.9,-72.9,cognitive_feasibility,-0.6221
brynjolfsson-augment~cw-robot-tax,-90.0,-70.4,-55.1,-74.8,adoption_end,-0.53
brynjolfsson-augment~grt-robot-tax,-92.4,-72.0,-56.6,-76.4,adoption_end,-0.5337
brynjolfsson-augment~ubi,967.5,1196.8,1487.6,1220.1,ubi_annual,0.9192
brynjolfsson-augment~compute-parity,-115.0,-84.5,-64.5,-88.2,cognitive_feasibility,-0.6383
brynjolfsson-augment~swf,-179.7,-135.1,-105.5,-140.7,adoption_end,-0.5604
brynjolfsson-augment~fed-vat,-1234.2,-1056.1,-882.6,-1050.7,fed_vat_rate,-0.9942
brynjolfsson-augment~cw-robot-tax+ubi,952.2,1244.6,1492.1,1218.3,ubi_annual,0.9344
brynjolfsson-augment~cw-robot-tax+compute-parity,-108.7,-85.3,-67.6,-90.0,adoption_end,-0.5866
brynjolfsson-augment~cw-robot-tax+swf,-177.5,-140.4,-110.3,-142.7,adoption_end,-0.6362
brynjolfsson-augment~cw-robot-tax+fed-vat,-1235.2,-1042.5,-878.8,-1052.5,fed_vat_rate,-0.9916
brynjolfsson-augment~grt-robot-tax+ubi,950.8,1243.2,1490.6,1216.6,ubi_annual,0.9342
brynjolfsson-augment~grt-robot-tax+compute-parity,-110.3,-86.9,-68.9,-91.6,adoption_end,-0.5902
brynjolfsson-augment~grt-robot-tax+swf,-179.6,-142.1,-111.9,-144.4,adoption_end,-0.6381
brynjolfsson-augment~grt-robot-tax+fed-vat,-1236.6,-1043.7,-880.5,-1054.1,fed_vat_rate,-0.9913
brynjolfsson-augment~ubi+compute-parity,954.4,1183.2,1473.8,1204.9,ubi_annual,0.918
brynjolfsson-augment~ubi+swf,896.8,1136.8,1385.3,1152.3,ubi_annual,0.9147
brynjolfsson-augment~ubi+fed-vat,-136.1,182.9,445.9,180.9,ubi_annual,0.7617
brynjolfsson-augment~compute-parity+swf,-197.7,-149.0,-116.1,-156.0,adoption_end,-0.5896
brynjolfsson-augment~compute-parity+fed-vat,-1250.1,-1071.5,-896.3,-1065.9,fed_vat_rate,-0.9924
brynjolfsson-augment~swf+fed-vat,-1266.8,-1129.9,-935.7,-1118.5,fed_vat_rate,-0.9775
brynjolfsson-augment~cw-robot-tax+ubi+compute-parity,940.1,1230.7,1476.2,1203.0,ubi_annual,0.9336
brynjolfsson-augment~cw-robot-tax+ubi+swf,894.3,1145.1,1418.8,1150.4,ubi_annual,0.9198
brynjolfsson-augment~cw-robot-tax+ubi+fed-vat,-98.8,174.2,484.8,179.1,ubi_annual,0.7386
brynjolfsson-augment~cw-robot-tax+compute-parity+swf,-195.9,-155.7,-121.4,-157.9,adoption_end,-0.6647
brynjolfsson-augment~cw-robot-tax+compute-parity+fed-vat,-1246.3,-1056.7,-897.0,-1067.7,fed_vat_rate,-0.9892
brynjolfsson-augment~cw-robot-tax+swf+fed-vat,-1283.1,-1108.7,-924.0,-1120.4,fed_vat_rate,-0.9783
brynjolfsson-augment~grt-robot-tax+ubi+compute-parity,938.7,1228.9,1474.4,1201.4,ubi_annual,0.9333
brynjolfsson-augment~grt-robot-tax+ubi+swf,893.2,1143.1,1416.7,1148.7,ubi_annual,0.9196
brynjolfsson-augment~grt-robot-tax+ubi+fed-vat,-100.2,172.6,483.1,177.5,ubi_annual,0.7386
brynjolfsson-augment~grt-robot-tax+compute-parity+swf,-198.1,-157.6,-123.0,-159.6,adoption_end,-0.6672
brynjolfsson-augment~grt-robot-tax+compute-parity+fed-vat,-1247.7,-1058.4,-898.6,-1069.4,fed_vat_rate,-0.9891
brynjolfsson-augment~grt-robot-tax+swf+fed-vat,-1285.0,-1110.2,-925.9,-1122.1,fed_vat_rate,-0.9781
brynjolfsson-augment~ubi+compute-parity+swf,879.7,1122.5,1367.4,1137.1,ubi_annual,0.9133
brynjolfsson-augment~ubi+compute-parity+fed-vat,-147.8,169.2,432.1,165.7,ubi_annual,0.7606
brynjolfsson-augment~ubi+swf+fed-vat,-194.0,151.4,478.5,113.1,ubi_annual,0.7204
brynjolfsson-augment~compute-parity+swf+fed-vat,-1280.9,-1147.8,-951.1,-1133.7,fed_vat_rate,-0.9744
brynjolfsson-augment~cw-robot-tax+ubi+compute-parity+swf,877.0,1128.0,1400.3,1135.1,ubi_annual,0.9175
brynjolfsson-augment~cw-robot-tax+ubi+compute-parity+fed-vat,-114.0,163.2,471.2,163.9,ubi_annual,0.739
brynjolfsson-augment~cw-robot-tax+ubi+swf+fed-vat,-233.6,109.2,398.1,111.2,ubi_annual,0.752
brynjolfsson-augment~cw-robot-tax+compute-parity+swf+fed-vat,-1297.8,-1122.3,-944.4,-1135.6,fed_vat_rate,-0.9743
brynjolfsson-augment~grt-robot-tax+ubi+compute-parity+swf,875.4,1126.4,1398.6,1133.4,ubi_annual,0.9171
brynjolfsson-augment~grt-robot-tax+ubi+compute-parity+fed-vat,-115.3,161.9,469.5,162.2,ubi_annual,0.739
brynjolfsson-augment~grt-robot-tax+ubi+swf+fed-vat,-235.6,107.3,396.3,109.5,ubi_annual,0.7513
brynjolfsson-augment~grt-robot-tax+compute-parity+swf+fed-vat,-1300.3,-1123.9,-946.2,-1137.4,fed_vat_rate,-0.9739
brynjolfsson-augment~ubi+compute-parity+swf+fed-vat,-206.4,140.6,459.6,97.9,ubi_annual,0.7202
brynjolfsson-augment~cw-robot-tax+ubi+compute-parity+swf+fed-vat,-248.6,92.8,384.2,96.0,ubi_annual,0.7498
brynjolfsson-augment~grt-robot-tax+ubi+compute-parity+swf+fed-vat,-250.6,90.9,382.4,94.2,ubi_annual,0.7489
windfall-medium,147.9,202.4,281.9,218.7,reabsorption_rate,-0.5063
windfall-medium~cw-robot-tax,138.9,206.2,291.4,213.2,reabsorption_rate,-0.4486
windfall-medium~grt-robot-tax,134.0,200.8,286.0,208.2,reabsorption_rate,-0.4531
windfall-medium~ubi,1211.5,1445.2,1671.6,1447.1,ubi_annual,0.8812
windfall-medium~compute-parity,147.9,202.4,281.9,218.7,reabsorption_rate,-0.5063
windfall-medium~swf,-53.9,29.7,114.9,32.1,retained_profit_share,-0.658
windfall-medium~fed-vat,-915.8,-737.7,-555.6,-721.5,fed_vat_rate,-0.8829
windfall-medium~cw-robot-tax+ubi,1175.9,1453.4,1672.1,1441.5,ubi_annual,0.883
windfall-medium~cw-robot-tax+compute-parity,138.9,206.2,291.4,213.2,reabsorption_rate,-0.4486
windfall-medium~cw-robot-tax+swf,-72.6,23.8,101.8,26.2,retained_profit_share,-0.7572
windfall-medium~cw-robot-tax+fed-vat,-913.7,-736.5,-567.7,-727.0,fed_vat_rate,-0.8824
windfall-medium~grt-robot-tax+ubi,1171.7,1448.6,1664.7,1436.6,ubi_annual,0.8834
windfall-medium~grt-robot-tax+compute-parity,134.0,200.8,286.0,208.2,reabsorption_rate,-0.4531
windfall-medium~grt-robot-tax+swf,-76.7,17.7,95.5,20.9,retained_profit_share,-0.7591
windfall-medium~grt-robot-tax+fed-vat,-917.6,-741.4,-574.6,-732.0,fed_vat_rate,-0.8844
windfall-medium~ubi+compute-parity,1211.5,1445.2,1671.6,1447.1,ubi_annual,0.8812
windfall-medium~ubi+swf,994.5,1251.3,1492.0,1260.4,ubi_annual,0.8682
windfall-medium~ubi+fed-vat,150.5,420.8,728.0,441.1,ubi_annual,0.7177
windfall-medium~compute-parity+swf,-53.9,29.7,114.9,32.1,retained_profit_share,-0.658
windfall-medium~compute-parity+fed-vat,-915.8,-737.7,-555.6,-721.5,fed_vat_rate,-0.8829
windfall-medium~swf+fed-vat,-1104.6,-925.9,-726.5,-908.2,fed_vat_rate,-0.8639
windfall-medium~cw-robot-tax+ubi+compute-parity,1175.9,1453.4,1672.1,1441.5,ubi_annual,0.883
windfall-medium~cw-robot-tax+ubi+swf,985.9,1269.5,1537.7,1254.5,ubi_annual,0.865
windfall-medium~cw-robot-tax+ubi+fed-vat,118.5,455.2,760.8,435.6,ubi_annual,0.7377
windfall-medium~cw-robot-tax+compute-parity+swf,-72.6,23.8,101.8,26.2,retained_profit_share,-0.7572
windfall-medium~cw-robot-tax+compute-parity+fed-vat,-913.7,-736.5,-567.7,-727.0,fed_vat_rate,-0.8824
windfall-medium~cw-robot-tax+swf+fed-vat,-1118.0,-932.0,-728.8,-914.0,fed_vat_rate,-0.8777
windfall-medium~grt-robot-tax+ubi+compute-parity,1171.7,1448.6,1664.7,1436.6,ubi_annual,0.8834
windfall-medium~grt-robot-tax+ubi+swf,980.7,1264.1,1533.3,1249.3,ubi_annual,0.8645
windfall-medium~grt-robot-tax+ubi+fed-vat,114.7,449.4,757.3,430.6,ubi_annual,0.7385
windfall-medium~grt-robot-tax+compute-parity+swf,-76.7,17.7,95.5,20.9,retained_profit_share,-0.7591
windfall-medium~grt-robot-tax+compute-parity+fed-vat,-917.6,-741.4,-574.6,-732.0,fed_vat_rate,-0.8844
windfall-medium~grt-robot-tax+swf+fed-vat,-1123.4,-937.0,-732.9,-919.3,fed_vat_rate,-0.8781
windfall-medium~ubi+compute-parity+swf,994.5,1251.3,1492.0,1260.4,ubi_annual,0.8682
windfall-medium~ubi+compute-parity+fed-vat,150.5,420.8,728.0,441.1,ubi_annual,0.7177
windfall-medium~ubi+swf+fed-vat,-83.4,247.0,552.5,254.4,ubi_annual,0.7142
windfall-medium~compute-parity+swf+fed-vat,-1104.6,-925.9,-726.5,-908.2,fed_vat_rate,-0.8639
windfall-medium~cw-robot-tax+ubi+compute-parity+swf,985.9,1269.5,1537.7,1254.5,ubi_annual,0.865
windfall-medium~cw-robot-tax+ubi+compute-parity+fed-vat,118.5,455.2,760.8,435.6,ubi_annual,0.7377
windfall-medium~cw-robot-tax+ubi+swf+fed-vat,-63.4,257.4,539.5,248.5,ubi_annual,0.7238
windfall-medium~cw-robot-tax+compute-parity+swf+fed-vat,-1118.0,-932.0,-728.8,-914.0,fed_vat_rate,-0.8777
windfall-medium~grt-robot-tax+ubi+compute-parity+swf,980.7,1264.1,1533.3,1249.3,ubi_annual,0.8645
windfall-medium~grt-robot-tax+ubi+compute-parity+fed-vat,114.7,449.4,757.3,430.6,ubi_annual,0.7385
windfall-medium~grt-robot-tax+ubi+swf+fed-vat,-66.9,252.2,533.0,243.3,ubi_annual,0.7245
windfall-medium~grt-robot-tax+compute-parity+swf+fed-vat,-1123.4,-937.0,-732.9,-919.3,fed_vat_rate,-0.8781
windfall-medium~ubi+compute-parity+swf+fed-vat,-83.4,247.0,552.5,254.4,ubi_annual,0.7142
windfall-medium~cw-robot-tax+ubi+compute-parity+swf+fed-vat,-63.4,257.4,539.5,248.5,ubi_annual,0.7238
windfall-medium~grt-robot-tax+ubi+compute-parity+swf+fed-vat,-66.9,252.2,533.0,243.3,ubi_annual,0.7245
china-shock,361.6,557.4,784.6,628.3,demand_multiplier,0.5674
china-shock~cw-robot-tax,353.4,549.0,816.4,625.5,demand_multiplier,0.5241
china-shock~grt-robot-tax,351.2,546.5,812.7,623.0,demand_multiplier,0.5258
china-shock~ubi,1240.8,1479.4,1797.1,1512.4,ubi_annual,0.9074
china-shock~compute-parity,337.7,528.9,755.0,604.9,demand_multiplier,0.5713
china-shock~swf,245.4,387.6,599.6,496.0,mpc,0.5156
china-shock~fed-vat,-628.8,-410.6,-138.0,-304.0,fed_vat_rate,-0.5009
china-shock~cw-robot-tax+ubi,1238.7,1539.8,1816.2,1509.6,ubi_annual,0.9124
china-shock~cw-robot-tax+compute-parity,337.4,528.4,788.0,602.1,demand_multiplier,0.5304
china-shock~cw-robot-tax+swf,252.6,421.9,648.4,493.0,demand_multiplier,0.5346
china-shock~cw-robot-tax+fed-vat,-659.4,-377.9,-81.9,-306.8,fed_vat_rate,-0.6332
china-shock~grt-robot-tax+ubi,1236.3,1537.3,1813.3,1507.1,ubi_annual,0.913
china-shock~grt-robot-tax+compute-parity,335.2,526.0,784.4,599.6,demand_multiplier,0.5319
china-shock~grt-robot-tax+swf,250.2,419.2,644.6,490.3,demand_multiplier,0.5351
china-shock~grt-robot-tax+fed-vat,-661.4,-380.8,-84.4,-309.3,fed_vat_rate,-0.6339
china-shock~ubi+compute-parity,1212.6,1455.0,1778.2,1489.1,ubi_annual,0.9082
china-shock~ubi+swf,1123.5,1352.3,1625.6,1380.1,ubi_annual,0.9041
china-shock~ubi+fed-vat,164.0,491.2,740.8,495.5,ubi_annual,0.7484
china-shock~compute-parity+swf,222.4,367.5,577.3,472.6,mpc,0.5171
china-shock~compute-parity+fed-vat,-653.0,-436.1,-156.3,-327.3,fed_vat_rate,-0.5083
china-shock~swf+fed-vat,-724.2,-514.7,-202.2,-436.3,fed_vat_rate,-0.6095
china-shock~cw-robot-tax+ubi+compute-parity,1215.6,1514.8,1784.8,1486.3,ubi_annual,0.9153
china-shock~cw-robot-tax+ubi+swf,1122.9,1349.8,1636.1,1377.1,ubi_annual,0.9163
china-shock~cw-robot-tax+ubi+fed-vat,199.4,491.0,797.1,492.7,ubi_annual,0.7327
china-shock~cw-robot-tax+compute-parity+swf,231.8,401.6,623.0,469.6,demand_multiplier,0.5382
china-shock~cw-robot-tax+compute-parity+fed-vat,-679.3,-401.0,-100.7,-330.1,fed_vat_rate,-0.6353
china-shock~cw-robot-tax+swf+fed-vat,-707.5,-488.7,-209.6,-439.3,fed_vat_rate,-0.5788
china-shock~grt-robot-tax+ubi+compute-parity,1213.3,1512.3,1780.9,1483.8,ubi_annual,0.9153
china-shock~grt-robot-tax+ubi+swf,1121.3,1347.3,1634.2,1374.5,ubi_annual,0.9164
china-shock~grt-robot-tax+ubi+fed-vat,197.3,487.5,795.1,490.2,ubi_annual,0.7328
china-shock~grt-robot-tax+compute-parity+swf,229.3,398.7,620.4,467.0,demand_multiplier,0.5393
china-shock~grt-robot-tax+compute-parity+fed-vat,-681.1,-403.6,-103.2,-332.6,fed_vat_rate,-0.6357
china-shock~grt-robot-tax+swf+fed-vat,-710.0,-491.4,-213.1,-441.9,fed_vat_rate,-0.5801
china-shock~ubi+compute-parity+swf,1093.5,1328.5,1599.8,1356.7,ubi_annual,0.9055
china-shock~ubi+compute-parity+fed-vat,143.0,468.3,725.9,472.2,ubi_annual,0.7503
china-shock~ubi+swf+fed-vat,62.3,399.5,725.3,363.2,ubi_annual,0.7133
china-shock~compute-parity+swf+fed-vat,-747.6,-535.0,-218.3,-459.7,fed_vat_rate,-0.6136
china-shock~cw-robot-tax+ubi+compute-parity+swf,1097.7,1329.8,1614.8,1353.8,ubi_annual,0.9166
china-shock~cw-robot-tax+ubi+compute-parity+fed-vat,183.1,464.7,780.4,469.4,ubi_annual,0.7352
china-shock~cw-robot-tax+ubi+swf+fed-vat,25.2,353.8,629.4,360.2,ubi_annual,0.7594
china-shock~cw-robot-tax+compute-parity+swf+fed-vat,-726.2,-515.0,-239.1,-462.6,fed_vat_rate,-0.5855
china-shock~grt-robot-tax+ubi+compute-parity+swf,1095.2,1327.8,1611.7,1351.1,ubi_annual,0.9168
china-shock~grt-robot-tax+ubi+compute-parity+fed-vat,181.0,461.2,778.3,466.9,ubi_annual,0.736
china-shock~grt-robot-tax+ubi+swf+fed-vat,22.3,351.4,627.5,357.6,ubi_annual,0.7593
china-shock~grt-robot-tax+compute-parity+swf+fed-vat,-727.8,-517.2,-241.7,-465.3,fed_vat_rate,-0.5862
china-shock~ubi+compute-parity+swf+fed-vat,44.8,375.2,707.9,339.8,ubi_annual,0.7163
china-shock~cw-robot-tax+ubi+compute-parity+swf+fed-vat,0.8,333.2,609.3,336.9,ubi_annual,0.7586
china-shock~grt-robot-tax+ubi+compute-parity+swf+fed-vat,-2.1,330.5,606.7,334.2,ubi_annual,0.7584
agi-20y,1848.4,2150.8,2475.7,2284.3,lfp_exit_rate,0.5057
agi-20y~cw-robot-tax,1893.6,2168.8,2471.5,2253.6,lfp_exit_rate,0.4963
agi-20y~grt-robot-tax,1870.0,2141.4,2448.5,2226.3,lfp_exit_rate,0.4984
agi-20y~ubi,2900.9,3236.9,3569.1,3389.1,ubi_annual,0.5501
agi-20y~compute-parity,1547.6,1827.7,2146.7,1955.1,lfp_exit_rate,0.5117
agi-20y~swf,728.4,1144.4,1516.7,1214.9,swf_profit_share,-0.5233
agi-20y~fed-vat,998.4,1401.3,1736.9,1515.4,lfp_exit_rate,0.4835
agi-20y~cw-robot-tax+ubi,2816.0,3209.9,3491.1,3355.2,ubi_annual,0.5672
agi-20y~cw-robot-tax+compute-parity,1581.3,1828.1,2176.5,1924.4,lfp_exit_rate,0.514
agi-20y~cw-robot-tax+swf,742.0,1150.1,1480.4,1182.5,swf_profit_share,-0.5142
agi-20y~cw-robot-tax+fed-vat,1007.0,1388.2,1694.7,1484.7,fed_vat_rate,-0.459
agi-20y~grt-robot-tax+ubi,2797.3,3183.3,3463.2,3325.1,ubi_annual,0.5666
agi-20y~grt-robot-tax+compute-parity,1554.9,1804.3,2150.9,1897.1,lfp_exit_rate,0.5138
agi-20y~grt-robot-tax+swf,722.0,1119.7,1451.0,1153.4,swf_profit_share,-0.5142
agi-20y~grt-robot-tax+fed-vat,977.2,1365.5,1670.5,1457.5,fed_vat_rate,-0.4586
agi-20y~ubi+compute-parity,2579.9,2879.6,3230.4,3025.8,ubi_annual,0.5498
agi-20y~ubi+swf,1787.0,2191.4,2525.6,2220.0,swf_profit_share,-0.5096
agi-20y~ubi+fed-vat,1935.4,2376.4,2722.7,2549.3,fed_vat_rate,-0.4686
agi-20y~compute-parity+swf,387.0,845.0,1210.1,885.7,swf_profit_share,-0.5134
agi-20y~compute-parity+fed-vat,672.5,1072.7,1418.2,1186.2,lfp_exit_rate,0.4979
agi-20y~swf+fed-vat,-4.8,393.5,776.3,446.0,swf_profit_share,-0.4447
agi-20y~cw-robot-tax+ubi+compute-parity,2511.1,2899.4,3151.9,2991.9,ubi_annual,0.5617
agi-20y~cw-robot-tax+ubi+swf,1726.4,2099.7,2451.7,2184.3,swf_profit_share,-0.4824
agi-20y~cw-robot-tax+ubi+fed-vat,1938.6,2304.0,2682.4,2515.4,fed_vat_rate,-0.4072
agi-20y~cw-robot-tax+compute-parity+swf,406.2,809.7,1190.3,853.3,swf_profit_share,-0.4911
agi-20y~cw-robot-tax+compute-parity+fed-vat,676.9,1062.6,1365.9,1155.6,fed_vat_rate,-0.4422
agi-20y~cw-robot-tax+swf+fed-vat,-79.5,292.1,713.1,413.6,lfp_exit_rate,0.3946
agi-20y~grt-robot-tax+ubi+compute-parity,2481.9,2870.0,3120.9,2961.8,ubi_annual,0.5608
agi-20y~grt-robot-tax+ubi+swf,1695.3,2067.1,2420.0,2152.2,swf_profit_share,-0.4837
agi-20y~grt-robot-tax+ubi+fed-vat,1913.8,2276.0,2654.0,2485.3,fed_vat_rate,-0.4086
agi-20y~grt-robot-tax+compute-parity+swf,377.9,778.2,1161.7,824.2,swf_profit_share,-0.4909
agi-20y~grt-robot-tax+compute-parity+fed-vat,651.2,1035.1,1340.2,1128.3,fed_vat_rate,-0.4393
agi-20y~grt-robot-tax+swf+fed-vat,-110.8,264.9,681.0,384.6,lfp_exit_rate,0.3949
agi-20y~ubi+compute-parity+swf,1435.3,1864.0,2194.4,1856.7,swf_profit_share,-0.4934
agi-20y~ubi+compute-parity+fed-vat,1636.8,2054.2,2363.5,2185.9,fed_vat_rate,-0.4604
agi-20y~ubi+swf+fed-vat,859.2,1267.3,1660.9,1380.2,ubi_annual,0.4598
agi-20y~compute-parity+swf+fed-vat,-287.2,65.7,497.3,116.9,swf_profit_share,-0.4131
agi-20y~cw-robot-tax+ubi+compute-parity+swf,1360.7,1782.9,2145.4,1820.9,swf_profit_share,-0.4814
agi-20y~cw-robot-tax+ubi+compute-parity+fed-vat,1595.7,1971.9,2357.9,2152.1,fed_vat_rate,-0.4234
agi-20y~cw-robot-tax+ubi+swf+fed-vat,846.1,1277.2,1667.5,1344.4,swf_profit_share,-0.4792
agi-20y~cw-robot-tax+compute-parity+swf+fed-vat,-447.3,-36.1,391.9,84.5,swf_profit_share,-0.3776
agi-20y~grt-robot-tax+ubi+compute-parity+swf,1336.0,1755.8,2119.3,1788.8,swf_profit_share,-0.4805
agi-20y~grt-robot-tax+ubi+compute-parity+fed-vat,1573.0,1944.9,2329.6,2122.0,fed_vat_rate,-0.4229
agi-20y~grt-robot-tax+ubi+swf+fed-vat,817.8,1251.9,1633.3,1312.3,swf_profit_share,-0.4798
agi-20y~grt-robot-tax+compute-parity+swf+fed-vat,-478.7,-63.5,366.5,55.4,swf_profit_share,-0.377
agi-20y~ubi+compute-parity+swf+fed-vat,504.7,928.7,1345.3,1016.9,ubi_annual,0.4673
agi-20y~cw-robot-tax+ubi+compute-parity+swf+fed-vat,504.0,939.5,1313.0,981.1,swf_profit_share,-0.4604
agi-20y~grt-robot-tax+ubi+compute-parity+swf+fed-vat,478.3,908.6,1284.0,949.0,swf_profit_share,-0.4639
agi-5y,2699.5,3015.0,3352.5,3090.9,ssdi_annual,0.6039
agi-5y~cw-robot-tax,2711.2,3029.0,3338.6,3049.5,ssdi_annual,0.6217
agi-5y~grt-robot-tax,2679.3,2993.6,3305.4,3012.7,ssdi_annual,0.6218
agi-5y~ubi,3809.7,4169.8,4557.7,4264.0,ubi_annual,0.5201
agi-5y~compute-parity,2269.9,2581.9,2913.7,2645.9,ssdi_annual,0.5789
agi-5y~swf,1629.6,2071.6,2423.0,2072.6,ssdi_annual,0.564
agi-5y~fed-vat,1893.6,2307.8,2611.3,2335.8,ssdi_annual,0.6215
agi-5y~cw-robot-tax+ubi,3754.3,4161.9,4521.7,4219.6,ubi_annual,0.558
agi-5y~cw-robot-tax+compute-parity,2286.1,2603.0,2916.3,2604.5,lfp_exit_rate,0.5798
agi-5y~cw-robot-tax+swf,1639.8,2041.7,2494.8,2028.9,ssdi_annual,0.4889
agi-5y~cw-robot-tax+fed-vat,1885.4,2259.2,2607.7,2294.5,ssdi_annual,0.528
agi-5y~grt-robot-tax+ubi,3718.7,4131.5,4485.2,4180.2,ubi_annual,0.558
agi-5y~grt-robot-tax+compute-parity,2246.2,2567.1,2880.0,2567.8,lfp_exit_rate,0.5806
agi-5y~grt-robot-tax+swf,1602.2,1998.3,2458.6,1989.0,ssdi_annual,0.4867
agi-5y~grt-robot-tax+fed-vat,1854.5,2225.2,2570.1,2257.7,ssdi_annual,0.5275
agi-5y~ubi+compute-parity,3405.6,3731.2,4156.4,3785.7,ubi_annual,0.5063
agi-5y~ubi+swf,2752.0,3204.0,3583.0,3170.7,ubi_annual,0.4287
agi-5y~ubi+fed-vat,2911.5,3395.0,3751.6,3452.7,ssdi_annual,0.3786
agi-5y~compute-parity+swf,1197.6,1660.6,1998.6,1627.6,ssdi_annual,0.5152
agi-5y~compute-parity+fed-vat,1427.7,1885.5,2172.2,1890.8,ssdi_annual,0.5655
agi-5y~swf+fed-vat,927.5,1355.8,1792.4,1317.5,ssdi_annual,0.4611
agi-5y~cw-robot-tax+ubi+compute-parity,3318.0,3713.2,4084.0,3741.3,ubi_annual,0.5291
agi-5y~cw-robot-tax+ubi+swf,2686.0,3113.2,3582.6,3123.8,ssdi_annual,0.504
agi-5y~cw-robot-tax+ubi+fed-vat,2856.7,3311.0,3717.6,3408.3,ssdi_annual,0.5075
agi-5y~cw-robot-tax+compute-parity+swf,1215.9,1604.7,2075.0,1584.0,ssdi_annual,0.4705
agi-5y~cw-robot-tax+compute-parity+fed-vat,1483.3,1825.7,2192.8,1849.5,ssdi_annual,0.4973
agi-5y~cw-robot-tax+swf+fed-vat,826.8,1211.1,1646.7,1273.9,ssdi_annual,0.5055
agi-5y~grt-robot-tax+ubi+compute-parity,3288.4,3670.4,4040.7,3701.9,ubi_annual,0.5276
agi-5y~grt-robot-tax+ubi+swf,2644.5,3071.9,3546.2,3080.9,ssdi_annual,0.5033
agi-5y~grt-robot-tax+ubi+fed-vat,2815.5,3276.8,3675.7,3368.8,ssdi_annual,0.5096
agi-5y~grt-robot-tax+compute-parity+swf,1174.7,1566.7,2038.7,1544.1,ssdi_annual,0.4685
agi-5y~grt-robot-tax+compute-parity+fed-vat,1441.3,1785.8,2162.3,1812.7,ssdi_annual,0.4964
agi-5y~grt-robot-tax+swf+fed-vat,785.0,1174.2,1611.5,1234.0,ssdi_annual,0.502
agi-5y~ubi+compute-parity+swf,2359.1,2751.5,3159.7,2692.4,ubi_annual,0.4223
agi-5y~ubi+compute-parity+fed-vat,2487.0,2938.1,3282.9,2974.4,ssdi_annual,0.4037
agi-5y~ubi+swf+fed-vat,1873.0,2326.6,2742.2,2359.4,ubi_annual,0.4635
agi-5y~compute-parity+swf+fed-vat,509.8,917.3,1346.6,872.6,ssdi_annual,0.4608
agi-5y~cw-robot-tax+ubi+compute-parity+swf,2217.9,2671.7,3116.3,2645.5,ssdi_annual,0.5372
agi-5y~cw-robot-tax+ubi+compute-parity+fed-vat,2451.9,2852.8,3283.8,2930.0,ssdi_annual,0.5461
agi-5y~cw-robot-tax+ubi+swf+fed-vat,1836.1,2292.4,2743.1,2312.4,lfp_exit_rate,0.4433
agi-5y~cw-robot-tax+compute-parity+swf+fed-vat,342.8,794.5,1250.8,828.9,ssdi_annual,0.5117
agi-5y~grt-robot-tax+ubi+compute-parity+swf,2168.3,2631.6,3068.4,2602.6,ssdi_annual,0.5364
agi-5y~grt-robot-tax+ubi+compute-parity+fed-vat,2420.7,2813.3,3240.1,2890.5,ssdi_annual,0.5456
agi-5y~grt-robot-tax+ubi+swf+fed-vat,1804.2,2251.4,2703.5,2269.5,lfp_exit_rate,0.4448
agi-5y~grt-robot-tax+compute-parity+swf+fed-vat,298.3,752.5,1218.0,789.0,ssdi_annual,0.509
agi-5y~ubi+compute-parity+swf+fed-vat,1398.8,1871.8,2328.7,1881.0,ubi_annual,0.4775
agi-5y~cw-robot-tax+ubi+compute-parity+swf+fed-vat,1382.0,1855.9,2298.0,1834.1,lfp_exit_rate,0.4432
agi-5y~grt-robot-tax+ubi+compute-parity+swf+fed-vat,1342.8,1819.3,2270.8,1791.2,lfp_exit_rate,0.4427
ai-2027,2009.4,2326.1,2538.1,2479.3,demand_multiplier,0.4765
ai-2027~cw-robot-tax,1951.1,2243.5,2508.8,2415.1,demand_multiplier,0.5096
ai-2027~grt-robot-tax,1898.7,2200.0,2449.9,2358.0,demand_multiplier,0.5154
ai-2027~ubi,3002.0,3350.9,3722.1,3556.0,ubi_annual,0.5391
ai-2027~compute-parity,1337.0,1680.1,1916.2,1787.4,compute_effective_rate,-0.4612
ai-2027~swf,1241.0,1517.2,1809.3,1643.9,price_reduction_share,0.4401
ai-2027~fed-vat,1156.2,1518.9,1818.5,1724.7,mpc,0.3957
ai-2027~cw-robot-tax+ubi,2988.2,3329.8,3647.7,3489.5,ubi_annual,0.6142
ai-2027~cw-robot-tax+compute-parity,1305.9,1585.0,1864.2,1723.2,demand_multiplier,0.5041
ai-2027~cw-robot-tax+swf,1176.3,1474.7,1781.2,1575.1,swf_profit_share,-0.5284
ai-2027~cw-robot-tax+fed-vat,1121.6,1476.7,1782.2,1660.5,fed_vat_rate,-0.5048
ai-2027~grt-robot-tax+ubi,2944.4,3271.8,3587.8,3430.5,ubi_annual,0.6212
ai-2027~grt-robot-tax+compute-parity,1256.4,1531.6,1807.1,1666.1,demand_multiplier,0.508
ai-2027~grt-robot-tax+swf,1107.6,1420.0,1726.8,1512.7,swf_profit_share,-0.5295
ai-2027~grt-robot-tax+fed-vat,1069.5,1424.6,1729.7,1603.4,fed_vat_rate,-0.502
ai-2027~ubi+compute-parity,2393.5,2719.2,3061.6,2840.5,ubi_annual,0.5499
ai-2027~ubi+swf,2250.2,2598.0,2949.9,2721.8,ubi_annual,0.6073
ai-2027~ubi+fed-vat,2123.5,2534.4,2882.5,2728.8,ubi_annual,0.5534
ai-2027~compute-parity+swf,589.9,863.9,1206.2,952.0,compute_effective_rate,-0.457
ai-2027~compute-parity+fed-vat,559.7,841.6,1163.4,1032.8,mpc,0.4065
ai-2027~swf+fed-vat,464.9,799.6,1133.3,889.3,mpc,0.4421
ai-2027~cw-robot-tax+ubi+compute-parity,2352.8,2660.3,3006.2,2774.0,ubi_annual,0.5948
ai-2027~cw-robot-tax+ubi+swf,2203.8,2592.0,2886.0,2650.7,ubi_annual,0.5481
ai-2027~cw-robot-tax+ubi+fed-vat,2060.2,2477.6,2827.6,2662.4,fed_vat_rate,-0.4951
ai-2027~cw-robot-tax+compute-parity+swf,504.5,826.2,1114.5,883.2,swf_profit_share,-0.514
ai-2027~cw-robot-tax+compute-parity+fed-vat,464.1,844.2,1145.8,968.6,fed_vat_rate,-0.4923
ai-2027~cw-robot-tax+swf+fed-vat,399.8,731.2,1048.1,820.5,swf_profit_share,-0.431
ai-2027~grt-robot-tax+ubi+compute-parity,2298.6,2606.0,2952.0,2715.0,ubi_annual,0.5982
ai-2027~grt-robot-tax+ubi+swf,2150.3,2531.2,2830.9,2586.2,ubi_annual,0.5557
ai-2027~grt-robot-tax+ubi+fed-vat,2014.9,2423.2,2767.2,2603.4,fed_vat_rate,-0.497
ai-2027~grt-robot-tax+compute-parity+swf,448.4,766.9,1059.5,820.8,swf_profit_share,-0.511
ai-2027~grt-robot-tax+compute-parity+fed-vat,397.8,787.6,1088.5,911.5,fed_vat_rate,-0.49
ai-2027~grt-robot-tax+swf+fed-vat,343.4,672.1,991.9,758.1,swf_profit_share,-0.4309
ai-2027~ubi+compute-parity+swf,1603.1,1953.5,2248.4,2006.4,ubi_annual,0.5788
ai-2027~ubi+compute-parity+fed-vat,1473.8,1879.4,2224.3,2013.4,ubi_annual,0.5278
ai-2027~ubi+swf+fed-vat,1416.8,1822.1,2207.5,1894.7,ubi_annual,0.4522
ai-2027~compute-parity+swf+fed-vat,-232.3,145.8,490.0,197.4,mpc,0.4344
ai-2027~cw-robot-tax+ubi+compute-parity+swf,1548.1,1928.8,2229.9,1935.2,ubi_annual,0.5526
ai-2027~cw-robot-tax+ubi+compute-parity+fed-vat,1449.8,1836.2,2126.9,1946.9,fed_vat_rate,-0.4719
ai-2027~cw-robot-tax+ubi+swf+fed-vat,1296.0,1673.2,2108.4,1823.6,ubi_annual,0.4809
ai-2027~cw-robot-tax+compute-parity+swf+fed-vat,-242.4,86.8,445.9,128.6,compute_effective_rate,-0.4112
ai-2027~grt-robot-tax+ubi+compute-parity+swf,1501.0,1868.3,2176.9,1870.8,ubi_annual,0.5573
ai-2027~grt-robot-tax+ubi+compute-parity+fed-vat,1397.5,1782.3,2081.4,1887.9,fed_vat_rate,-0.4729
ai-2027~grt-robot-tax+ubi+swf+fed-vat,1231.6,1615.2,2056.7,1759.1,ubi_annual,0.48
ai-2027~grt-robot-tax+compute-parity+swf+fed-vat,-292.2,30.8,388.0,66.2,compute_effective_rate,-0.4106
ai-2027~ubi+compute-parity+swf+fed-vat,767.6,1137.4,1540.6,1179.2,ubi_annual,0.5006
ai-2027~cw-robot-tax+ubi+compute-parity+swf+fed-vat,607.9,1025.4,1420.4,1108.1,ubi_annual,0.5176
ai-2027~grt-robot-tax+ubi+compute-parity+swf+fed-vat,548.3,965.1,1367.1,1043.6,compute_effective_rate,-0.5164
ai2040-plan-a,1194.3,1731.0,2318.6,2318.3,adoption_end,0.6157
ai2040-plan-a~cw-robot-tax,1184.1,1797.7,2218.7,2252.2,adoption_end,0.6078
ai2040-plan-a~grt-robot-tax,1140.3,1734.5,2162.1,2193.4,adoption_end,0.6061
ai2040-plan-a~ubi,2220.8,2740.7,3194.0,3034.7,adoption_end,0.5945
ai2040-plan-a~compute-parity,614.2,1126.9,1628.9,1605.4,adoption_end,0.5401
ai2040-plan-a~swf,717.5,1157.6,1677.5,1600.1,adoption_end,0.5025
ai2040-plan-a~fed-vat,361.6,937.2,1593.2,1555.6,adoption_end,0.5751
ai2040-plan-a~cw-robot-tax+ubi,2112.3,2653.1,3160.5,2968.6,adoption_end,0.599
ai2040-plan-a~cw-robot-tax+compute-parity,611.5,1098.1,1571.9,1539.3,adoption_end,0.5337
ai2040-plan-a~cw-robot-tax+swf,639.5,1100.2,1589.2,1529.1,adoption_end,0.5328
ai2040-plan-a~cw-robot-tax+fed-vat,272.8,877.0,1524.9,1489.5,adoption_end,0.594
ai2040-plan-a~grt-robot-tax+ubi,2067.4,2593.3,3102.5,2909.8,adoption_end,0.5926
ai2040-plan-a~grt-robot-tax+compute-parity,558.7,1055.0,1521.2,1480.6,adoption_end,0.5313
ai2040-plan-a~grt-robot-tax+swf,586.8,1035.6,1527.2,1464.9,adoption_end,0.5257
ai2040-plan-a~grt-robot-tax+fed-vat,230.5,826.3,1458.5,1430.7,adoption_end,0.5924
ai2040-plan-a~ubi+compute-parity,1643.8,2075.5,2594.7,2321.5,adoption_end,0.4891
ai2040-plan-a~ubi+swf,1660.7,2096.8,2507.7,2379.3,adoption_end,0.4825
ai2040-plan-a~ubi+fed-vat,1257.4,1736.6,2330.8,2154.3,adoption_end,0.5766
ai2040-plan-a~compute-parity+swf,101.5,502.0,1001.1,887.2,adoption_end,0.3839
ai2040-plan-a~compute-parity+fed-vat,-218.4,252.5,896.5,842.7,adoption_end,0.4876
ai2040-plan-a~swf+fed-vat,-142.2,367.5,906.8,837.4,adoption_end,0.545
ai2040-plan-a~cw-robot-tax+ubi+compute-parity,1531.3,1976.0,2476.0,2255.4,adoption_end,0.4705
ai2040-plan-a~cw-robot-tax+ubi+swf,1600.8,2039.9,2572.1,2308.1,adoption_end,0.432
ai2040-plan-a~cw-robot-tax+ubi+fed-vat,1206.5,1721.3,2303.8,2088.1,adoption_end,0.5074
ai2040-plan-a~cw-robot-tax+compute-parity+swf,23.4,449.7,917.7,816.2,adoption_end,0.378
ai2040-plan-a~cw-robot-tax+compute-parity+fed-vat,-302.6,204.8,842.2,776.6,adoption_end,0.5033
ai2040-plan-a~cw-robot-tax+swf+fed-vat,-251.3,230.0,849.2,766.4,adoption_end,0.4357
ai2040-plan-a~grt-robot-tax+ubi+compute-parity,1476.2,1921.9,2417.7,2196.6,adoption_end,0.4635
ai2040-plan-a~grt-robot-tax+ubi+swf,1545.3,1978.0,2501.9,2243.9,adoption_end,0.4232
ai2040-plan-a~grt-robot-tax+ubi+fed-vat,1156.5,1667.5,2255.5,2029.3,adoption_end,0.5028
ai2040-plan-a~grt-robot-tax+compute-parity+swf,-25.0,395.1,864.9,752.0,adoption_end,0.37
ai2040-plan-a~grt-robot-tax+compute-parity+fed-vat,-350.1,150.4,777.2,717.8,adoption_end,0.4977
ai2040-plan-a~grt-robot-tax+swf+fed-vat,-307.1,178.1,790.1,702.2,adoption_end,0.4292
ai2040-plan-a~ubi+compute-parity+swf,1078.4,1461.2,1796.9,1666.1,ubi_annual,0.4114
ai2040-plan-a~ubi+compute-parity+fed-vat,657.2,1088.1,1565.2,1441.1,adoption_end,0.4462
ai2040-plan-a~ubi+swf+fed-vat,688.7,1143.5,1793.1,1498.8,adoption_end,0.4287
ai2040-plan-a~compute-parity+swf+fed-vat,-752.0,-290.0,176.1,124.5,adoption_end,0.4239
ai2040-plan-a~cw-robot-tax+ubi+compute-parity+swf,973.9,1380.5,1800.5,1594.9,price_reduction_share,0.4088
ai2040-plan-a~cw-robot-tax+ubi+compute-parity+fed-vat,598.7,1048.7,1553.3,1374.9,adoption_end,0.4431
ai2040-plan-a~cw-robot-tax+ubi+swf+fed-vat,604.5,1073.9,1590.8,1427.7,adoption_end,0.4597
ai2040-plan-a~cw-robot-tax+compute-parity+swf+fed-vat,-858.8,-415.4,181.1,53.5,compute_effective_rate,-0.3609
ai2040-plan-a~grt-robot-tax+ubi+compute-parity+swf,914.4,1322.7,1738.5,1530.7,price_reduction_share,0.4096
ai2040-plan-a~grt-robot-tax+ubi+compute-parity+fed-vat,545.1,992.1,1498.5,1316.1,adoption_end,0.4386
ai2040-plan-a~grt-robot-tax+ubi+swf+fed-vat,550.9,1014.7,1518.6,1363.4,adoption_end,0.4545
ai2040-plan-a~grt-robot-tax+compute-parity+swf+fed-vat,-921.9,-475.4,114.8,-10.7,compute_effective_rate,-0.3645
ai2040-plan-a~ubi+compute-parity+swf+fed-vat,9.3,520.8,1079.6,785.6,compute_effective_rate,-0.4247
ai2040-plan-a~cw-robot-tax+ubi+compute-parity+swf+fed-vat,-10.7,436.3,867.9,714.5,ubi_annual,0.3747
ai2040-plan-a~grt-robot-tax+ubi+compute-parity+swf+fed-vat,-66.9,381.5,804.7,650.2,ubi_annual,0.3778
ai2040-plan-d,2600.2,2852.6,3083.8,2858.8,lfp_exit_rate,0.5059
ai2040-plan-d~cw-robot-tax,2572.9,2800.0,3035.1,2792.1,ssdi_annual,0.5075
ai2040-plan-d~grt-robot-tax,2525.7,2744.1,2982.1,2732.7,ssdi_annual,0.506
ai2040-plan-d~ubi,3677.1,4009.0,4357.9,4113.5,ubi_annual,0.6302
ai2040-plan-d~compute-parity,1913.1,2200.6,2467.6,2135.8,compute_effective_rate,-0.4472
ai2040-plan-d~swf,1641.3,1958.1,2296.4,1898.7,swf_profit_share,-0.5137
ai2040-plan-d~fed-vat,1803.0,2134.0,2407.6,2153.9,fed_vat_rate,-0.5086
ai2040-plan-d~cw-robot-tax+ubi,3585.0,3956.6,4258.7,4045.8,ubi_annual,0.6343
ai2040-plan-d~cw-robot-tax+compute-parity,1886.2,2141.9,2407.2,2069.1,compute_effective_rate,-0.5376
ai2040-plan-d~cw-robot-tax+swf,1611.0,1936.1,2263.0,1827.3,swf_profit_share,-0.4801
ai2040-plan-d~cw-robot-tax+fed-vat,1802.4,2095.5,2342.0,2087.2,fed_vat_rate,-0.5192
ai2040-plan-d~grt-robot-tax+ubi,3528.9,3900.3,4202.4,3985.6,ubi_annual,0.6356
ai2040-plan-d~grt-robot-tax+compute-parity,1822.9,2084.6,2353.7,2009.7,compute_effective_rate,-0.5381
ai2040-plan-d~grt-robot-tax+swf,1547.1,1877.2,2217.4,1762.2,swf_profit_share,-0.4776
ai2040-plan-d~grt-robot-tax+fed-vat,1747.6,2034.0,2285.9,2027.8,fed_vat_rate,-0.5135
ai2040-plan-d~ubi+compute-parity,2993.5,3317.2,3726.2,3380.2,ubi_annual,0.6095
ai2040-plan-d~ubi+swf,2765.9,3162.2,3477.4,3139.8,ubi_annual,0.5234
ai2040-plan-d~ubi+fed-vat,2822.7,3242.0,3552.1,3352.5,fed_vat_rate,-0.4714
ai2040-plan-d~compute-parity+swf,931.0,1305.5,1648.2,1175.7,swf_profit_share,-0.4664
ai2040-plan-d~compute-parity+fed-vat,1108.4,1481.2,1768.6,1430.9,fed_vat_rate,-0.4654
ai2040-plan-d~swf+fed-vat,938.3,1297.9,1634.8,1193.8,swf_profit_share,-0.4518
ai2040-plan-d~cw-robot-tax+ubi+compute-parity,2935.1,3306.3,3622.4,3312.5,ubi_annual,0.5775
ai2040-plan-d~cw-robot-tax+ubi+swf,2710.1,3077.6,3419.4,3067.4,ubi_annual,0.5456
ai2040-plan-d~cw-robot-tax+ubi+fed-vat,2762.3,3160.1,3492.8,3284.8,ubi_annual,0.4747
ai2040-plan-d~cw-robot-tax+compute-parity+swf,927.5,1239.7,1678.8,1104.3,adoption_end,-0.4495
ai2040-plan-d~cw-robot-tax+compute-parity+fed-vat,1088.8,1416.3,1731.9,1364.2,compute_effective_rate,-0.444
ai2040-plan-d~cw-robot-tax+swf+fed-vat,846.5,1142.1,1513.0,1122.4,swf_profit_share,-0.3969
ai2040-plan-d~grt-robot-tax+ubi+compute-parity,2884.9,3252.2,3556.4,3252.3,ubi_annual,0.5753
ai2040-plan-d~grt-robot-tax+ubi+swf,2652.2,3024.8,3357.1,3001.4,ubi_annual,0.5484
ai2040-plan-d~grt-robot-tax+ubi+fed-vat,2704.6,3093.2,3439.7,3224.6,ubi_annual,0.4823
ai2040-plan-d~grt-robot-tax+compute-parity+swf,869.0,1182.7,1622.7,1039.2,adoption_end,-0.4593
ai2040-plan-d~grt-robot-tax+compute-parity+fed-vat,1036.6,1363.0,1683.9,1304.8,compute_effective_rate,-0.4408
ai2040-plan-d~grt-robot-tax+swf+fed-vat,786.4,1076.7,1451.5,1057.3,swf_profit_share,-0.3936
ai2040-plan-d~ubi+compute-parity+swf,2095.2,2467.9,2851.8,2406.4,ubi_annual,0.5172
ai2040-plan-d~ubi+compute-parity+fed-vat,2162.0,2572.5,2857.6,2619.1,ubi_annual,0.4534
ai2040-plan-d~ubi+swf+fed-vat,1871.7,2295.2,2723.0,2378.8,ubi_annual,0.5005
ai2040-plan-d~compute-parity+swf+fed-vat,232.6,608.7,1015.9,470.9,adoption_end,-0.3999
ai2040-plan-d~cw-robot-tax+ubi+compute-parity+swf,1970.1,2408.9,2742.8,2334.1,ubi_annual,0.5088
ai2040-plan-d~cw-robot-tax+ubi+compute-parity+fed-vat,2074.1,2472.1,2872.9,2551.4,ubi_annual,0.4296
ai2040-plan-d~cw-robot-tax+ubi+swf+fed-vat,1832.7,2254.1,2651.4,2306.4,ubi_annual,0.4576
ai2040-plan-d~cw-robot-tax+compute-parity+swf+fed-vat,104.9,489.2,889.9,399.4,compute_effective_rate,-0.435
ai2040-plan-d~grt-robot-tax+ubi+compute-parity+swf,1898.6,2350.3,2683.2,2268.0,ubi_annual,0.505
ai2040-plan-d~grt-robot-tax+ubi+compute-parity+fed-vat,2018.5,2418.2,2814.5,2491.3,ubi_annual,0.4328
ai2040-plan-d~grt-robot-tax+ubi+swf+fed-vat,1777.8,2198.6,2593.2,2240.3,ubi_annual,0.458
ai2040-plan-d~grt-robot-tax+compute-parity+swf+fed-vat,38.1,418.9,822.8,334.3,compute_effective_rate,-0.4317
ai2040-plan-d~ubi+compute-parity+swf+fed-vat,1171.8,1631.3,2049.8,1645.4,ubi_annual,0.5294
ai2040-plan-d~cw-robot-tax+ubi+compute-parity+swf+fed-vat,1196.4,1597.8,2017.2,1573.0,ubi_annual,0.4388
ai2040-plan-d~grt-robot-tax+ubi+compute-parity+swf+fed-vat,1135.6,1541.0,1948.4,1507.0,ubi_annual,0.4349
karger-rapid,-33.8,-14.7,1.9,-15.5,reabsorption_rate,-0.702
karger-rapid~cw-robot-tax,-32.6,-16.8,0.4,-18.2,reabsorption_rate,-0.6047
karger-rapid~grt-robot-tax,-35.2,-19.2,-2.2,-20.7,reabsorption_rate,-0.5958
karger-rapid~ubi,1022.3,1259.4,1509.9,1275.2,ubi_annual,0.9138
karger-rapid~compute-parity,-60.8,-37.4,-18.4,-38.5,reabsorption_rate,-0.6168
karger-rapid~swf,-105.4,-75.5,-50.6,-80.0,retained_profit_share,-0.4289
karger-rapid~fed-vat,-1147.7,-983.9,-830.9,-990.1,fed_vat_rate,-0.9935
karger-rapid~cw-robot-tax+ubi,1028.5,1302.1,1545.7,1272.4,ubi_annual,0.9164
karger-rapid~cw-robot-tax+compute-parity,-58.5,-37.8,-18.2,-41.3,reabsorption_rate,-0.5357
karger-rapid~cw-robot-tax+swf,-113.3,-81.7,-57.7,-82.9,adoption_end,-0.4604
karger-rapid~cw-robot-tax+fed-vat,-1183.4,-1009.6,-838.5,-992.9,fed_vat_rate,-0.994
karger-rapid~grt-robot-tax+ubi,1026.3,1299.8,1543.2,1269.9,ubi_annual,0.9165
karger-rapid~grt-robot-tax+compute-parity,-61.1,-40.0,-20.8,-43.7,reabsorption_rate,-0.5297
karger-rapid~grt-robot-tax+swf,-116.3,-84.4,-59.3,-85.6,adoption_end,-0.47
karger-rapid~grt-robot-tax+fed-vat,-1186.0,-1012.1,-841.4,-995.4,fed_vat_rate,-0.9939
karger-rapid~ubi+compute-parity,1000.7,1243.8,1480.7,1252.1,ubi_annual,0.9116
karger-rapid~ubi+swf,959.1,1180.3,1436.1,1210.6,ubi_annual,0.9023
karger-rapid~ubi+fed-vat,-75.2,198.0,525.8,238.9,ubi_annual,0.6757
karger-rapid~compute-parity+swf,-131.4,-97.7,-68.7,-103.0,adoption_end,-0.4647
karger-rapid~compute-parity+fed-vat,-1167.6,-1001.7,-849.3,-1013.2,fed_vat_rate,-0.9909
karger-rapid~swf+fed-vat,-1246.4,-1041.9,-883.2,-1054.7,fed_vat_rate,-0.9853
karger-rapid~cw-robot-tax+ubi+compute-parity,1010.1,1275.3,1521.2,1249.4,ubi_annual,0.9139
karger-rapid~cw-robot-tax+ubi+swf,952.2,1194.3,1440.6,1207.7,ubi_annual,0.9091
karger-rapid~cw-robot-tax+ubi+fed-vat,-54.5,258.1,524.4,236.1,ubi_annual,0.7437
karger-rapid~cw-robot-tax+compute-parity+swf,-138.3,-103.5,-75.6,-105.9,adoption_end,-0.5272
karger-rapid~cw-robot-tax+compute-parity+fed-vat,-1207.7,-1032.0,-863.0,-1015.9,fed_vat_rate,-0.9928
karger-rapid~cw-robot-tax+swf+fed-vat,-1242.4,-1064.2,-861.8,-1057.6,fed_vat_rate,-0.9846
karger-rapid~grt-robot-tax+ubi+compute-parity,1008.0,1272.8,1518.6,1246.9,ubi_annual,0.9137
karger-rapid~grt-robot-tax+ubi+swf,949.2,1192.0,1437.4,1205.0,ubi_annual,0.9086
karger-rapid~grt-robot-tax+ubi+fed-vat,-57.1,255.6,521.3,233.7,ubi_annual,0.7436
karger-rapid~grt-robot-tax+compute-parity+swf,-141.3,-106.1,-78.2,-108.6,adoption_end,-0.5331
karger-rapid~grt-robot-tax+compute-parity+fed-vat,-1210.4,-1035.1,-865.5,-1018.4,fed_vat_rate,-0.9928
karger-rapid~grt-robot-tax+swf+fed-vat,-1245.4,-1066.6,-864.4,-1060.3,fed_vat_rate,-0.9841
karger-rapid~ubi+compute-parity+swf,937.0,1157.7,1411.8,1187.6,ubi_annual,0.8983
karger-rapid~ubi+compute-parity+fed-vat,-108.0,175.7,497.3,215.9,ubi_annual,0.6728
karger-rapid~ubi+swf+fed-vat,-82.2,181.4,493.6,174.4,ubi_annual,0.7131
karger-rapid~compute-parity+swf+fed-vat,-1265.3,-1064.7,-906.2,-1077.7,fed_vat_rate,-0.9809
karger-rapid~cw-robot-tax+ubi+compute-parity+swf,928.5,1175.8,1417.2,1184.7,ubi_annual,0.9027
karger-rapid~cw-robot-tax+ubi+compute-parity+fed-vat,-75.4,232.7,502.5,213.1,ubi_annual,0.7376
karger-rapid~cw-robot-tax+ubi+swf+fed-vat,-124.8,147.2,463.7,171.5,ubi_annual,0.7777
karger-rapid~cw-robot-tax+compute-parity+swf+fed-vat,-1261.5,-1084.9,-884.4,-1080.6,fed_vat_rate,-0.9795
karger-rapid~grt-robot-tax+ubi+compute-parity+swf,926.4,1173.3,1414.5,1182.0,ubi_annual,0.9023
karger-rapid~grt-robot-tax+ubi+compute-parity+fed-vat,-78.0,230.1,500.5,210.6,ubi_annual,0.7374
karger-rapid~grt-robot-tax+ubi+swf+fed-vat,-127.4,144.6,460.9,168.8,ubi_annual,0.7783
karger-rapid~grt-robot-tax+compute-parity+swf+fed-vat,-1264.3,-1086.8,-886.8,-1083.3,fed_vat_rate,-0.9789
karger-rapid~ubi+compute-parity+swf+fed-vat,-104.6,156.8,468.6,151.4,ubi_annual,0.7151
karger-rapid~cw-robot-tax+ubi+compute-parity+swf+fed-vat,-157.4,126.0,441.5,148.4,ubi_annual,0.7795
karger-rapid~grt-robot-tax+ubi+compute-parity+swf+fed-vat,-159.9,123.2,439.2,145.8,ubi_annual,0.7789
metaculus-2035,-87.8,-64.7,-46.6,-69.3,reabsorption_rate,-0.4792
metaculus-2035~cw-robot-tax,-92.3,-70.2,-48.1,-71.6,reabsorption_rate,-0.5153
metaculus-2035~grt-robot-tax,-94.9,-71.9,-50.5,-73.5,reabsorption_rate,-0.5084
metaculus-2035~ubi,968.3,1196.1,1443.2,1223.6,ubi_annual,0.9051
metaculus-2035~compute-parity,-109.1,-82.3,-61.3,-87.8,adoption_end,-0.4932
metaculus-2035~swf,-173.1,-132.9,-100.7,-136.5,adoption_end,-0.6092
metaculus-2035~fed-vat,-1239.4,-1064.4,-887.6,-1049.9,fed_vat_rate,-0.9906
metaculus-2035~cw-robot-tax+ubi,971.3,1213.8,1454.2,1221.4,ubi_annual,0.9088
metaculus-2035~cw-robot-tax+compute-parity,-111.5,-86.8,-63.0,-90.0,adoption_end,-0.5527
metaculus-2035~cw-robot-tax+swf,-178.1,-132.9,-102.9,-138.9,adoption_end,-0.6582
metaculus-2035~cw-robot-tax+fed-vat,-1223.3,-1049.1,-869.5,-1052.1,fed_vat_rate,-0.99
metaculus-2035~grt-robot-tax+ubi,969.3,1211.6,1451.5,1219.4,ubi_annual,0.9088
metaculus-2035~grt-robot-tax+compute-parity,-113.4,-89.2,-64.6,-92.0,adoption_end,-0.5571
metaculus-2035~grt-robot-tax+swf,-180.8,-135.1,-104.6,-141.0,adoption_end,-0.6591
metaculus-2035~grt-robot-tax+fed-vat,-1225.4,-1050.7,-871.3,-1054.1,fed_vat_rate,-0.9899
metaculus-2035~ubi+compute-parity,947.7,1176.5,1420.0,1205.2,ubi_annual,0.9026
metaculus-2035~ubi+swf,937.4,1150.0,1439.5,1156.4,ubi_annual,0.9198
metaculus-2035~ubi+fed-vat,-90.4,184.8,520.7,181.7,ubi_annual,0.7446
metaculus-2035~compute-parity+swf,-191.7,-152.6,-117.6,-155.0,adoption_end,-0.6414
metaculus-2035~compute-parity+fed-vat,-1259.4,-1083.4,-914.8,-1068.3,fed_vat_rate,-0.9881
metaculus-2035~swf+fed-vat,-1300.4,-1116.3,-923.2,-1117.1,fed_vat_rate,-0.9749
metaculus-2035~cw-robot-tax+ubi+compute-parity,953.1,1194.0,1431.9,1202.9,ubi_annual,0.9036
metaculus-2035~cw-robot-tax+ubi+swf,900.6,1142.3,1395.1,1154.1,ubi_annual,0.9236
metaculus-2035~cw-robot-tax+ubi+fed-vat,-117.0,152.7,464.1,179.4,ubi_annual,0.7046
metaculus-2035~cw-robot-tax+compute-parity+swf,-200.4,-152.7,-118.1,-157.3,adoption_end,-0.6699
metaculus-2035~cw-robot-tax+compute-parity+fed-vat,-1239.6,-1066.7,-887.9,-1070.5,fed_vat_rate,-0.9869
metaculus-2035~cw-robot-tax+swf+fed-vat,-1302.3,-1133.7,-967.8,-1119.4,fed_vat_rate,-0.9727
metaculus-2035~grt-robot-tax+ubi+compute-parity,951.2,1192.3,1430.3,1201.0,ubi_annual,0.9036
metaculus-2035~grt-robot-tax+ubi+swf,899.0,1140.2,1392.3,1152.0,ubi_annual,0.9234
metaculus-2035~grt-robot-tax+ubi+fed-vat,-120.2,151.1,461.8,177.5,ubi_annual,0.7045
metaculus-2035~grt-robot-tax+compute-parity+swf,-202.9,-154.6,-119.9,-159.5,adoption_end,-0.6723
metaculus-2035~grt-robot-tax+compute-parity+fed-vat,-1241.6,-1068.9,-889.7,-1072.5,fed_vat_rate,-0.9865
metaculus-2035~grt-robot-tax+swf+fed-vat,-1304.7,-1136.5,-969.7,-1121.5,fed_vat_rate,-0.9722
metaculus-2035~ubi+compute-parity+swf,917.7,1133.2,1419.5,1138.0,ubi_annual,0.9171
metaculus-2035~ubi+compute-parity+fed-vat,-112.5,165.7,499.0,163.2,ubi_annual,0.7455
metaculus-2035~ubi+swf+fed-vat,-194.5,78.5,385.6,114.5,ubi_annual,0.7214
metaculus-2035~compute-parity+swf+fed-vat,-1316.0,-1133.0,-945.6,-1135.5,fed_vat_rate,-0.9689
metaculus-2035~cw-robot-tax+ubi+compute-parity+swf,885.7,1122.8,1371.4,1135.6,ubi_annual,0.9217
metaculus-2035~cw-robot-tax+ubi+compute-parity+fed-vat,-135.5,134.4,446.0,161.0,ubi_annual,0.703
metaculus-2035~cw-robot-tax+ubi+swf+fed-vat,-209.6,73.1,356.8,112.1,ubi_annual,0.7088
metaculus-2035~cw-robot-tax+compute-parity+swf+fed-vat,-1319.7,-1151.9,-987.4,-1137.9,fed_vat_rate,-0.9673
metaculus-2035~grt-robot-tax+ubi+compute-parity+swf,884.1,1121.2,1369.2,1133.5,ubi_annual,0.9213
metaculus-2035~grt-robot-tax+ubi+compute-parity+fed-vat,-137.2,131.8,443.7,159.0,ubi_annual,0.7027
metaculus-2035~grt-robot-tax+ubi+swf+fed-vat,-212.1,71.1,354.8,110.0,ubi_annual,0.7083
metaculus-2035~grt-robot-tax+compute-parity+swf+fed-vat,-1322.1,-1154.0,-990.2,-1140.0,fed_vat_rate,-0.9666
metaculus-2035~ubi+compute-parity+swf+fed-vat,-210.5,64.1,366.5,96.0,ubi_annual,0.7231
metaculus-2035~cw-robot-tax+ubi+compute-parity+swf+fed-vat,-227.4,54.4,345.9,93.7,ubi_annual,0.7078
metaculus-2035~grt-robot-tax+ubi+compute-parity+swf+fed-vat,-228.6,52.2,343.9,91.5,ubi_annual,0.708
openai-transition,-148.4,-111.3,-86.4,-114.2,adoption_end,-0.5983
openai-transition~cw-robot-tax,-157.9,-113.2,-84.0,-118.2,cognitive_feasibility,-0.6698
openai-transition~grt-robot-tax,-162.2,-116.9,-86.8,-121.7,cognitive_feasibility,-0.6758
openai-transition~ubi,931.1,1172.9,1398.1,1176.9,ubi_annual,0.9149
openai-transition~compute-parity,-193.5,-145.6,-110.0,-147.3,adoption_end,-0.6513
openai-transition~swf,-272.2,-203.2,-148.1,-207.0,cognitive_feasibility,-0.6951
openai-transition~fed-vat,-1284.8,-1092.0,-923.9,-1090.4,fed_vat_rate,-0.9762
openai-transition~cw-robot-tax+ubi,925.4,1184.3,1405.1,1172.9,ubi_annual,0.9037
openai-transition~cw-robot-tax+compute-parity,-204.0,-145.4,-107.7,-151.3,cognitive_feasibility,-0.6635
openai-transition~cw-robot-tax+swf,-264.3,-202.4,-152.7,-211.3,cognitive_feasibility,-0.5606
openai-transition~cw-robot-tax+fed-vat,-1245.7,-1085.4,-920.1,-1094.4,fed_vat_rate,-0.9775
openai-transition~grt-robot-tax+ubi,922.7,1180.3,1402.4,1169.4,ubi_annual,0.9033
openai-transition~grt-robot-tax+compute-parity,-209.1,-149.2,-110.4,-154.9,cognitive_feasibility,-0.6656
openai-transition~grt-robot-tax+swf,-268.5,-206.2,-155.4,-215.1,cognitive_feasibility,-0.5657
openai-transition~grt-robot-tax+fed-vat,-1249.3,-1088.9,-924.3,-1098.0,fed_vat_rate,-0.9764
openai-transition~ubi+compute-parity,897.6,1136.9,1365.0,1143.8,ubi_annual,0.9086
openai-transition~ubi+swf,835.1,1069.3,1317.9,1084.1,ubi_annual,0.8946
openai-transition~ubi+fed-vat,-139.0,125.8,427.8,139.0,ubi_annual,0.7439
openai-transition~compute-parity+swf,-315.4,-233.9,-174.6,-240.2,cognitive_feasibility,-0.693
openai-transition~compute-parity+fed-vat,-1316.7,-1126.0,-955.1,-1123.6,fed_vat_rate,-0.9649
openai-transition~swf+fed-vat,-1380.2,-1184.5,-1007.8,-1183.3,fed_vat_rate,-0.9575
openai-transition~cw-robot-tax+ubi+compute-parity,898.6,1148.3,1375.1,1139.8,ubi_annual,0.8987
openai-transition~cw-robot-tax+ubi+swf,821.9,1103.3,1354.5,1079.9,ubi_annual,0.8952
openai-transition~cw-robot-tax+ubi+fed-vat,-174.2,134.7,464.2,135.0,ubi_annual,0.7423
openai-transition~cw-robot-tax+compute-parity+swf,-305.5,-238.0,-177.2,-244.4,cognitive_feasibility,-0.5705
openai-transition~cw-robot-tax+compute-parity+fed-vat,-1278.2,-1121.9,-954.4,-1127.6,fed_vat_rate,-0.9663
openai-transition~cw-robot-tax+swf+fed-vat,-1373.7,-1181.1,-1020.0,-1187.5,fed_vat_rate,-0.9434
openai-transition~grt-robot-tax+ubi+compute-parity,896.5,1144.9,1372.4,1136.2,ubi_annual,0.8984
openai-transition~grt-robot-tax+ubi+swf,818.0,1098.9,1349.8,1076.0,ubi_annual,0.8944
openai-transition~grt-robot-tax+ubi+fed-vat,-176.9,131.1,460.8,131.4,ubi_annual,0.7422
openai-transition~grt-robot-tax+compute-parity+swf,-309.3,-241.4,-180.4,-248.3,cognitive_feasibility,-0.5731
openai-transition~grt-robot-tax+compute-parity+fed-vat,-1281.0,-1125.2,-957.5,-1131.1,fed_vat_rate,-0.9654
openai-transition~grt-robot-tax+swf+fed-vat,-1377.1,-1184.7,-1023.8,-1191.3,fed_vat_rate,-0.9425
openai-transition~ubi+compute-parity+swf,791.9,1037.7,1285.9,1050.9,ubi_annual,0.888
openai-transition~ubi+compute-parity+fed-vat,-169.4,99.2,386.0,105.8,ubi_annual,0.7449
openai-transition~ubi+swf+fed-vat,-293.1,39.7,346.5,46.1,ubi_annual,0.7133
openai-transition~compute-parity+swf+fed-vat,-1412.4,-1217.9,-1030.2,-1216.5,fed_vat_rate,-0.9468
openai-transition~cw-robot-tax+ubi+compute-parity+swf,793.8,1070.9,1322.9,1046.7,ubi_annual,0.8872
openai-transition~cw-robot-tax+ubi+compute-parity+fed-vat,-208.5,104.2,432.6,101.8,ubi_annual,0.7377
openai-transition~cw-robot-tax+ubi+swf+fed-vat,-271.8,32.5,332.4,41.9,ubi_annual,0.7132
openai-transition~cw-robot-tax+compute-parity+swf+fed-vat,-1408.2,-1212.8,-1054.3,-1220.7,fed_vat_rate,-0.9295
openai-transition~grt-robot-tax+ubi+compute-parity+swf,789.1,1066.8,1319.3,1042.8,ubi_annual,0.8864
openai-transition~grt-robot-tax+ubi+compute-parity+fed-vat,-211.2,100.6,428.4,98.3,ubi_annual,0.7375
openai-transition~grt-robot-tax+ubi+swf+fed-vat,-276.8,29.7,328.2,38.1,ubi_annual,0.7132
openai-transition~grt-robot-tax+compute-parity+swf+fed-vat,-1411.8,-1216.5,-1058.8,-1224.5,fed_vat_rate,-0.9276
openai-transition~ubi+compute-parity+swf+fed-vat,-330.0,4.8,318.0,13.0,ubi_annual,0.7102
openai-transition~cw-robot-tax+ubi+compute-parity+swf+fed-vat,-316.9,-5.2,295.1,8.7,ubi_annual,0.7065
openai-transition~grt-robot-tax+ubi+compute-parity+swf+fed-vat,-321.9,-7.9,291.3,4.9,ubi_annual,0.7064
