ref_area,source,indicator,classif1,classif2,time,obs_value,obs_status,note_classif,note_indicator,note_source
KOR,BA:222,EMP_TEMP_ECO_OCU_NB,ECO_ISIC4_TOTAL,OCU_ISCO08_TOTAL,2024,28695.214,,,,R1:3513
KOR,BA:222,EMP_TEMP_ECO_OCU_NB,ECO_ISIC4_TOTAL,OCU_ISCO08_1,2024,440.162,,,,R1:3513
KOR,BA:222,EMP_TEMP_ECO_OCU_NB,ECO_ISIC4_TOTAL,OCU_ISCO08_2,2024,6387.495,,,,R1:3513
KOR,BA:222,EMP_TEMP_ECO_OCU_NB,ECO_ISIC4_TOTAL,OCU_ISCO08_3,2024,5052.038,,,,R1:3513
KOR,BA:222,EMP_TEMP_ECO_OCU_NB,ECO_ISIC4_TOTAL,OCU_ISCO08_4,2024,3525.744,,,,R1:3513
KOR,BA:222,EMP_TEMP_ECO_OCU_NB,ECO_ISIC4_TOTAL,OCU_ISCO08_5,2024,2512.312,,,,R1:3513
KOR,BA:222,EMP_TEMP_ECO_OCU_NB,ECO_ISIC4_TOTAL,OCU_ISCO08_6,2024,1449.959,,,,R1:3513
KOR,BA:222,EMP_TEMP_ECO_OCU_NB,ECO_ISIC4_TOTAL,OCU_ISCO08_7,2024,2261.306,,,,R1:3513
KOR,BA:222,EMP_TEMP_ECO_OCU_NB,ECO_ISIC4_TOTAL,OCU_ISCO08_8,2024,2968.282,,,,R1:3513
KOR,BA:222,EMP_TEMP_ECO_OCU_NB,ECO_ISIC4_TOTAL,OCU_ISCO08_9,2024,3978.221,,,,R1:3513
KOR,BA:222,EMP_TEMP_ECO_OCU_NB,ECO_ISIC4_TOTAL,OCU_ISCO08_X,2024,119.695,,,,R1:3513
KOR,BA:222,EMP_TEMP_ECO_OCU_NB,ECO_ISIC4_A,OCU_ISCO08_TOTAL,2024,1485.015,,,,R1:3513
KOR,BA:222,EMP_TEMP_ECO_OCU_NB,ECO_ISIC4_A,OCU_ISCO08_1,2024,0.347,U,,,R1:3513
KOR,BA:222,EMP_TEMP_ECO_OCU_NB,ECO_ISIC4_A,OCU_ISCO08_2,2024,5.236,,,,R1:3513
KOR,BA:222,EMP_TEMP_ECO_OCU_NB,ECO_ISIC4_A,OCU_ISCO08_3,2024,11.73,,,,R1:3513
KOR,BA:222,EMP_TEMP_ECO_OCU_NB,ECO_ISIC4_A,OCU_ISCO08_4,2024,,U,,,R1:3513
KOR,BA:222,EMP_TEMP_ECO_OCU_NB,ECO_ISIC4_A,OCU_ISCO08_5,2024,2.634,,,,R1:3513
KOR,BA:222,EMP_TEMP_ECO_OCU_NB,ECO_ISIC4_A,OCU_ISCO08_6,2024,1400.663,,,,R1:3513
KOR,BA:222,EMP_TEMP_ECO_OCU_NB,ECO_ISIC4_A,OCU_ISCO08_7,2024,0.47,U,,,R1:3513
KOR,BA:222,EMP_TEMP_ECO_OCU_NB,ECO_ISIC4_A,OCU_ISCO08_8,2024,2.344,,,,R1:3513
KOR,BA:222,EMP_TEMP_ECO_OCU_NB,ECO_ISIC4_A,OCU_ISCO08_9,2024,61.487,,,,R1:3513
KOR,BA:222,EMP_TEMP_ECO_OCU_NB,ECO_ISIC4_B,OCU_ISCO08_TOTAL,2024,7.525,,,,R1:3513
KOR,BA:222,EMP_TEMP_ECO_OCU_NB,ECO_ISIC4_B,OCU_ISCO08_3,2024,1.688,,,,R1:3513
KOR,BA:222,EMP_TEMP_ECO_OCU_NB,ECO_ISIC4_B,OCU_ISCO08_4,2024,0.293,U,,,R1:3513
KOR,BA:222,EMP_TEMP_ECO_OCU_NB,ECO_ISIC4_B,OCU_ISCO08_7,2024,0.889,,,,R1:3513
KOR,BA:222,EMP_TEMP_ECO_OCU_NB,ECO_ISIC4_B,OCU_ISCO08_8,2024,3.945,,,,R1:3513
KOR,BA:222,EMP_TEMP_ECO_OCU_NB,ECO_ISIC4_B,OCU_ISCO08_9,2024,0.71,,,,R1:3513
KOR,BA:222,EMP_TEMP_ECO_OCU_NB,ECO_ISIC4_C,OCU_ISCO08_TOTAL,2024,4454.975,,,,R1:3513
KOR,BA:222,EMP_TEMP_ECO_OCU_NB,ECO_ISIC4_C,OCU_ISCO08_1,2024,96.288,,,,R1:3513
KOR,BA:222,EMP_TEMP_ECO_OCU_NB,ECO_ISIC4_C,OCU_ISCO08_2,2024,642.526,,,,R1:3513
KOR,BA:222,EMP_TEMP_ECO_OCU_NB,ECO_ISIC4_C,OCU_ISCO08_3,2024,1017.212,,,,R1:3513
KOR,BA:222,EMP_TEMP_ECO_OCU_NB,ECO_ISIC4_C,OCU_ISCO08_4,2024,9.39,,,,R1:3513
KOR,BA:222,EMP_TEMP_ECO_OCU_NB,ECO_ISIC4_C,OCU_ISCO08_5,2024,105.779,,,,R1:3513
KOR,BA:222,EMP_TEMP_ECO_OCU_NB,ECO_ISIC4_C,OCU_ISCO08_6,2024,1.036,,,,R1:3513
KOR,BA:222,EMP_TEMP_ECO_OCU_NB,ECO_ISIC4_C,OCU_ISCO08_7,2024,658.756,,,,R1:3513
KOR,BA:222,EMP_TEMP_ECO_OCU_NB,ECO_ISIC4_C,OCU_ISCO08_8,2024,1458.736,,,,R1:3513
KOR,BA:222,EMP_TEMP_ECO_OCU_NB,ECO_ISIC4_C,OCU_ISCO08_9,2024,465.253,,,,R1:3513
KOR,BA:222,EMP_TEMP_ECO_OCU_NB,ECO_ISIC4_D,OCU_ISCO08_TOTAL,2024,91.523,,,,R1:3513
KOR,BA:222,EMP_TEMP_ECO_OCU_NB,ECO_ISIC4_D,OCU_ISCO08_1,2024,2.309,,,,R1:3513
KOR,BA:222,EMP_TEMP_ECO_OCU_NB,ECO_ISIC4_D,OCU_ISCO08_2,2024,25.464,,,,R1:3513
KOR,BA:222,EMP_TEMP_ECO_OCU_NB,ECO_ISIC4_D,OCU_ISCO08_3,2024,26.023,,,,R1:3513
KOR,BA:222,EMP_TEMP_ECO_OCU_NB,ECO_ISIC4_D,OCU_ISCO08_4,2024,,U,,,R1:3513
KOR,BA:222,EMP_TEMP_ECO_OCU_NB,ECO_ISIC4_D,OCU_ISCO08_5,2024,2.579,,,,R1:3513
KOR,BA:222,EMP_TEMP_ECO_OCU_NB,ECO_ISIC4_D,OCU_ISCO08_7,2024,13.514,,,,R1:3513
KOR,BA:222,EMP_TEMP_ECO_OCU_NB,ECO_ISIC4_D,OCU_ISCO08_8,2024,16.636,,,,R1:3513
KOR,BA:222,EMP_TEMP_ECO_OCU_NB,ECO_ISIC4_D,OCU_ISCO08_9,2024,4.784,,,,R1:3513
KOR,BA:222,EMP_TEMP_ECO_OCU_NB,ECO_ISIC4_E,OCU_ISCO08_TOTAL,2024,141.915,,,,R1:3513
KOR,BA:222,EMP_TEMP_ECO_OCU_NB,ECO_ISIC4_E,OCU_ISCO08_1,2024,3.432,,,,R1:3513
KOR,BA:222,EMP_TEMP_ECO_OCU_NB,ECO_ISIC4_E,OCU_ISCO08_2,2024,11.404,,,,R1:3513
KOR,BA:222,EMP_TEMP_ECO_OCU_NB,ECO_ISIC4_E,OCU_ISCO08_3,2024,36.522,,,,R1:3513
KOR,BA:222,EMP_TEMP_ECO_OCU_NB,ECO_ISIC4_E,OCU_ISCO08_4,2024,1.889,,,,R1:3513
KOR,BA:222,EMP_TEMP_ECO_OCU_NB,ECO_ISIC4_E,OCU_ISCO08_5,2024,1.887,,,,R1:3513
KOR,BA:222,EMP_TEMP_ECO_OCU_NB,ECO_ISIC4_E,OCU_ISCO08_6,2024,0.502,U,,,R1:3513
KOR,BA:222,EMP_TEMP_ECO_OCU_NB,ECO_ISIC4_E,OCU_ISCO08_7,2024,2.649,,,,R1:3513
KOR,BA:222,EMP_TEMP_ECO_OCU_NB,ECO_ISIC4_E,OCU_ISCO08_8,2024,46.425,,,,R1:3513
KOR,BA:222,EMP_TEMP_ECO_OCU_NB,ECO_ISIC4_E,OCU_ISCO08_9,2024,37.206,,,,R1:3513
KOR,BA:222,EMP_TEMP_ECO_OCU_NB,ECO_ISIC4_F,OCU_ISCO08_TOTAL,2024,2064.768,,,,R1:3513
KOR,BA:222,EMP_TEMP_ECO_OCU_NB,ECO_ISIC4_F,OCU_ISCO08_1,2024,61.529,,,,R1:3513
KOR,BA:222,EMP_TEMP_ECO_OCU_NB,ECO_ISIC4_F,OCU_ISCO08_2,2024,217.624,,,,R1:3513
KOR,BA:222,EMP_TEMP_ECO_OCU_NB,ECO_ISIC4_F,OCU_ISCO08_3,2024,305.467,,,,R1:3513
KOR,BA:222,EMP_TEMP_ECO_OCU_NB,ECO_ISIC4_F,OCU_ISCO08_4,2024,2.938,,,,R1:3513
KOR,BA:222,EMP_TEMP_ECO_OCU_NB,ECO_ISIC4_F,OCU_ISCO08_5,2024,17.646,,,,R1:3513
KOR,BA:222,EMP_TEMP_ECO_OCU_NB,ECO_ISIC4_F,OCU_ISCO08_6,2024,2.375,,,,R1:3513
KOR,BA:222,EMP_TEMP_ECO_OCU_NB,ECO_ISIC4_F,OCU_ISCO08_7,2024,976.448,,,,R1:3513
KOR,BA:222,EMP_TEMP_ECO_OCU_NB,ECO_ISIC4_F,OCU_ISCO08_8,2024,163.397,,,,R1:3513
KOR,BA:222,EMP_TEMP_ECO_OCU_NB,ECO_ISIC4_F,OCU_ISCO08_9,2024,317.343,,,,R1:3513
KOR,BA:222,EMP_TEMP_ECO_OCU_NB,ECO_ISIC4_G,OCU_ISCO08_TOTAL,2024,3214.702,,,,R1:3513
KOR,BA:222,EMP_TEMP_ECO_OCU_NB,ECO_ISIC4_G,OCU_ISCO08_1,2024,40.93,,,,R1:3513
KOR,BA:222,EMP_TEMP_ECO_OCU_NB,ECO_ISIC4_G,OCU_ISCO08_2,2024,261.572,,,,R1:3513
KOR,BA:222,EMP_TEMP_ECO_OCU_NB,ECO_ISIC4_G,OCU_ISCO08_3,2024,603.772,,,,R1:3513
KOR,BA:222,EMP_TEMP_ECO_OCU_NB,ECO_ISIC4_G,OCU_ISCO08_4,2024,14.092,,,,R1:3513
KOR,BA:222,EMP_TEMP_ECO_OCU_NB,ECO_ISIC4_G,OCU_ISCO08_5,2024,1745.986,,,,R1:3513
KOR,BA:222,EMP_TEMP_ECO_OCU_NB,ECO_ISIC4_G,OCU_ISCO08_6,2024,1.09,U,,,R1:3513
KOR,BA:222,EMP_TEMP_ECO_OCU_NB,ECO_ISIC4_G,OCU_ISCO08_7,2024,91.261,,,,R1:3513
KOR,BA:222,EMP_TEMP_ECO_OCU_NB,ECO_ISIC4_G,OCU_ISCO08_8,2024,64.518,,,,R1:3513
KOR,BA:222,EMP_TEMP_ECO_OCU_NB,ECO_ISIC4_G,OCU_ISCO08_9,2024,391.48,,,,R1:3513
KOR,BA:222,EMP_TEMP_ECO_OCU_NB,ECO_ISIC4_H,OCU_ISCO08_TOTAL,2024,1700.799,,,,R1:3513
KOR,BA:222,EMP_TEMP_ECO_OCU_NB,ECO_ISIC4_H,OCU_ISCO08_1,2024,20.949,,,,R1:3513
KOR,BA:222,EMP_TEMP_ECO_OCU_NB,ECO_ISIC4_H,OCU_ISCO08_2,2024,52.435,,,,R1:3513
KOR,BA:222,EMP_TEMP_ECO_OCU_NB,ECO_ISIC4_H,OCU_ISCO08_3,2024,253.932,,,,R1:3513
KOR,BA:222,EMP_TEMP_ECO_OCU_NB,ECO_ISIC4_H,OCU_ISCO08_4,2024,26.723,,,,R1:3513
KOR,BA:222,EMP_TEMP_ECO_OCU_NB,ECO_ISIC4_H,OCU_ISCO08_5,2024,9.308,,,,R1:3513
KOR,BA:222,EMP_TEMP_ECO_OCU_NB,ECO_ISIC4_H,OCU_ISCO08_7,2024,44.766,,,,R1:3513
KOR,BA:222,EMP_TEMP_ECO_OCU_NB,ECO_ISIC4_H,OCU_ISCO08_8,2024,880.405,,,,R1:3513
KOR,BA:222,EMP_TEMP_ECO_OCU_NB,ECO_ISIC4_H,OCU_ISCO08_9,2024,412.282,,,,R1:3513
KOR,BA:222,EMP_TEMP_ECO_OCU_NB,ECO_ISIC4_I,OCU_ISCO08_TOTAL,2024,2321.555,,,,R1:3513
KOR,BA:222,EMP_TEMP_ECO_OCU_NB,ECO_ISIC4_I,OCU_ISCO08_1,2024,19.943,,,,R1:3513
KOR,BA:222,EMP_TEMP_ECO_OCU_NB,ECO_ISIC4_I,OCU_ISCO08_2,2024,14.982,,,,R1:3513
KOR,BA:222,EMP_TEMP_ECO_OCU_NB,ECO_ISIC4_I,OCU_ISCO08_3,2024,31.562,,,,R1:3513
KOR,BA:222,EMP_TEMP_ECO_OCU_NB,ECO_ISIC4_I,OCU_ISCO08_4,2024,1620.042,,,,R1:3513
KOR,BA:222,EMP_TEMP_ECO_OCU_NB,ECO_ISIC4_I,OCU_ISCO08_5,2024,192.654,,,,R1:3513
KOR,BA:222,EMP_TEMP_ECO_OCU_NB,ECO_ISIC4_I,OCU_ISCO08_7,2024,53.703,,,,R1:3513
KOR,BA:222,EMP_TEMP_ECO_OCU_NB,ECO_ISIC4_I,OCU_ISCO08_8,2024,11.093,,,,R1:3513
KOR,BA:222,EMP_TEMP_ECO_OCU_NB,ECO_ISIC4_I,OCU_ISCO08_9,2024,377.576,,,,R1:3513
KOR,BA:222,EMP_TEMP_ECO_OCU_NB,ECO_ISIC4_J,OCU_ISCO08_TOTAL,2024,1109.441,,,,R1:3513
KOR,BA:222,EMP_TEMP_ECO_OCU_NB,ECO_ISIC4_J,OCU_ISCO08_1,2024,23.155,,,,R1:3513
KOR,BA:222,EMP_TEMP_ECO_OCU_NB,ECO_ISIC4_J,OCU_ISCO08_2,2024,765.735,,,,R1:3513
KOR,BA:222,EMP_TEMP_ECO_OCU_NB,ECO_ISIC4_J,OCU_ISCO08_3,2024,234.205,,,,R1:3513
KOR,BA:222,EMP_TEMP_ECO_OCU_NB,ECO_ISIC4_J,OCU_ISCO08_4,2024,2.831,,,,R1:3513
KOR,BA:222,EMP_TEMP_ECO_OCU_NB,ECO_ISIC4_J,OCU_ISCO08_5,2024,20.738,,,,R1:3513
KOR,BA:222,EMP_TEMP_ECO_OCU_NB,ECO_ISIC4_J,OCU_ISCO08_6,2024,0.264,U,,,R1:3513
KOR,BA:222,EMP_TEMP_ECO_OCU_NB,ECO_ISIC4_J,OCU_ISCO08_7,2024,28.066,,,,R1:3513
KOR,BA:222,EMP_TEMP_ECO_OCU_NB,ECO_ISIC4_J,OCU_ISCO08_8,2024,4.585,,,,R1:3513
KOR,BA:222,EMP_TEMP_ECO_OCU_NB,ECO_ISIC4_J,OCU_ISCO08_9,2024,29.863,,,,R1:3513
KOR,BA:222,EMP_TEMP_ECO_OCU_NB,ECO_ISIC4_K,OCU_ISCO08_TOTAL,2024,766.898,,,,R1:3513
KOR,BA:222,EMP_TEMP_ECO_OCU_NB,ECO_ISIC4_K,OCU_ISCO08_1,2024,40.459,,,,R1:3513
KOR,BA:222,EMP_TEMP_ECO_OCU_NB,ECO_ISIC4_K,OCU_ISCO08_2,2024,88.191,,,,R1:3513
KOR,BA:222,EMP_TEMP_ECO_OCU_NB,ECO_ISIC4_K,OCU_ISCO08_3,2024,358.69,,,,R1:3513
KOR,BA:222,EMP_TEMP_ECO_OCU_NB,ECO_ISIC4_K,OCU_ISCO08_4,2024,3.626,,,,R1:3513
KOR,BA:222,EMP_TEMP_ECO_OCU_NB,ECO_ISIC4_K,OCU_ISCO08_5,2024,260.072,,,,R1:3513
KOR,BA:222,EMP_TEMP_ECO_OCU_NB,ECO_ISIC4_K,OCU_ISCO08_6,2024,2.059,,,,R1:3513
KOR,BA:222,EMP_TEMP_ECO_OCU_NB,ECO_ISIC4_K,OCU_ISCO08_7,2024,0.364,U,,,R1:3513
KOR,BA:222,EMP_TEMP_ECO_OCU_NB,ECO_ISIC4_K,OCU_ISCO08_8,2024,3.728,,,,R1:3513
KOR,BA:222,EMP_TEMP_ECO_OCU_NB,ECO_ISIC4_K,OCU_ISCO08_9,2024,9.708,,,,R1:3513
KOR,BA:222,EMP_TEMP_ECO_OCU_NB,ECO_ISIC4_L,OCU_ISCO08_TOTAL,2024,519.46,,,,R1:3513
KOR,BA:222,EMP_TEMP_ECO_OCU_NB,ECO_ISIC4_L,OCU_ISCO08_1,2024,16.75,,,,R1:3513
KOR,BA:222,EMP_TEMP_ECO_OCU_NB,ECO_ISIC4_L,OCU_ISCO08_2,2024,169.675,,,,R1:3513
KOR,BA:222,EMP_TEMP_ECO_OCU_NB,ECO_ISIC4_L,OCU_ISCO08_3,2024,123.334,,,,R1:3513
KOR,BA:222,EMP_TEMP_ECO_OCU_NB,ECO_ISIC4_L,OCU_ISCO08_4,2024,0.927,,,,R1:3513
KOR,BA:222,EMP_TEMP_ECO_OCU_NB,ECO_ISIC4_L,OCU_ISCO08_5,2024,3.323,,,,R1:3513
KOR,BA:222,EMP_TEMP_ECO_OCU_NB,ECO_ISIC4_L,OCU_ISCO08_6,2024,0.395,U,,,R1:3513
KOR,BA:222,EMP_TEMP_ECO_OCU_NB,ECO_ISIC4_L,OCU_ISCO08_7,2024,15.742,,,,R1:3513
KOR,BA:222,EMP_TEMP_ECO_OCU_NB,ECO_ISIC4_L,OCU_ISCO08_8,2024,37.264,,,,R1:3513
KOR,BA:222,EMP_TEMP_ECO_OCU_NB,ECO_ISIC4_L,OCU_ISCO08_9,2024,152.049,,,,R1:3513
KOR,BA:222,EMP_TEMP_ECO_OCU_NB,ECO_ISIC4_M,OCU_ISCO08_TOTAL,2024,1422.189,,,,R1:3513
KOR,BA:222,EMP_TEMP_ECO_OCU_NB,ECO_ISIC4_M,OCU_ISCO08_1,2024,30.316,,,,R1:3513
KOR,BA:222,EMP_TEMP_ECO_OCU_NB,ECO_ISIC4_M,OCU_ISCO08_2,2024,888.602,,,,R1:3513
KOR,BA:222,EMP_TEMP_ECO_OCU_NB,ECO_ISIC4_M,OCU_ISCO08_3,2024,429.884,,,,R1:3513
KOR,BA:222,EMP_TEMP_ECO_OCU_NB,ECO_ISIC4_M,OCU_ISCO08_4,2024,13.52,,,,R1:3513
KOR,BA:222,EMP_TEMP_ECO_OCU_NB,ECO_ISIC4_M,OCU_ISCO08_5,2024,14.001,,,,R1:3513
KOR,BA:222,EMP_TEMP_ECO_OCU_NB,ECO_ISIC4_M,OCU_ISCO08_6,2024,1.868,,,,R1:3513
KOR,BA:222,EMP_TEMP_ECO_OCU_NB,ECO_ISIC4_M,OCU_ISCO08_7,2024,13.539,,,,R1:3513
KOR,BA:222,EMP_TEMP_ECO_OCU_NB,ECO_ISIC4_M,OCU_ISCO08_8,2024,15.257,,,,R1:3513
KOR,BA:222,EMP_TEMP_ECO_OCU_NB,ECO_ISIC4_M,OCU_ISCO08_9,2024,15.2,,,,R1:3513
KOR,BA:222,EMP_TEMP_ECO_OCU_NB,ECO_ISIC4_N,OCU_ISCO08_TOTAL,2024,1379.096,,,,R1:3513
KOR,BA:222,EMP_TEMP_ECO_OCU_NB,ECO_ISIC4_N,OCU_ISCO08_1,2024,11.529,,,,R1:3513
KOR,BA:222,EMP_TEMP_ECO_OCU_NB,ECO_ISIC4_N,OCU_ISCO08_2,2024,92.814,,,,R1:3513
KOR,BA:222,EMP_TEMP_ECO_OCU_NB,ECO_ISIC4_N,OCU_ISCO08_3,2024,290.889,,,,R1:3513
KOR,BA:222,EMP_TEMP_ECO_OCU_NB,ECO_ISIC4_N,OCU_ISCO08_4,2024,97.429,,,,R1:3513
KOR,BA:222,EMP_TEMP_ECO_OCU_NB,ECO_ISIC4_N,OCU_ISCO08_5,2024,74.489,,,,R1:3513
KOR,BA:222,EMP_TEMP_ECO_OCU_NB,ECO_ISIC4_N,OCU_ISCO08_6,2024,27.536,,,,R1:3513
KOR,BA:222,EMP_TEMP_ECO_OCU_NB,ECO_ISIC4_N,OCU_ISCO08_7,2024,76.253,,,,R1:3513
KOR,BA:222,EMP_TEMP_ECO_OCU_NB,ECO_ISIC4_N,OCU_ISCO08_8,2024,110.655,,,,R1:3513
KOR,BA:222,EMP_TEMP_ECO_OCU_NB,ECO_ISIC4_N,OCU_ISCO08_9,2024,597.503,,,,R1:3513
KOR,BA:222,EMP_TEMP_ECO_OCU_NB,ECO_ISIC4_O,OCU_ISCO08_TOTAL,2024,1307.64,,,,R1:3513
KOR,BA:222,EMP_TEMP_ECO_OCU_NB,ECO_ISIC4_O,OCU_ISCO08_1,2024,8.927,,,,R1:3513
KOR,BA:222,EMP_TEMP_ECO_OCU_NB,ECO_ISIC4_O,OCU_ISCO08_2,2024,108.361,,,,R1:3513
KOR,BA:222,EMP_TEMP_ECO_OCU_NB,ECO_ISIC4_O,OCU_ISCO08_3,2024,638.251,,,,R1:3513
KOR,BA:222,EMP_TEMP_ECO_OCU_NB,ECO_ISIC4_O,OCU_ISCO08_4,2024,269.966,,,,R1:3513
KOR,BA:222,EMP_TEMP_ECO_OCU_NB,ECO_ISIC4_O,OCU_ISCO08_5,2024,1.74,,,,R1:3513
KOR,BA:222,EMP_TEMP_ECO_OCU_NB,ECO_ISIC4_O,OCU_ISCO08_6,2024,3.682,,,,R1:3513
KOR,BA:222,EMP_TEMP_ECO_OCU_NB,ECO_ISIC4_O,OCU_ISCO08_7,2024,14.359,,,,R1:3513
KOR,BA:222,EMP_TEMP_ECO_OCU_NB,ECO_ISIC4_O,OCU_ISCO08_8,2024,18.267,,,,R1:3513
KOR,BA:222,EMP_TEMP_ECO_OCU_NB,ECO_ISIC4_O,OCU_ISCO08_9,2024,244.087,,,,R1:3513
KOR,BA:222,EMP_TEMP_ECO_OCU_NB,ECO_ISIC4_P,OCU_ISCO08_TOTAL,2024,1900.306,,,,R1:3513
KOR,BA:222,EMP_TEMP_ECO_OCU_NB,ECO_ISIC4_P,OCU_ISCO08_1,2024,35.067,,,,R1:3513
KOR,BA:222,EMP_TEMP_ECO_OCU_NB,ECO_ISIC4_P,OCU_ISCO08_2,2024,1334.607,,,,R1:3513
KOR,BA:222,EMP_TEMP_ECO_OCU_NB,ECO_ISIC4_P,OCU_ISCO08_3,2024,245.842,,,,R1:3513
KOR,BA:222,EMP_TEMP_ECO_OCU_NB,ECO_ISIC4_P,OCU_ISCO08_4,2024,142.75,,,,R1:3513
KOR,BA:222,EMP_TEMP_ECO_OCU_NB,ECO_ISIC4_P,OCU_ISCO08_5,2024,3.602,,,,R1:3513
KOR,BA:222,EMP_TEMP_ECO_OCU_NB,ECO_ISIC4_P,OCU_ISCO08_6,2024,0.346,U,,,R1:3513
KOR,BA:222,EMP_TEMP_ECO_OCU_NB,ECO_ISIC4_P,OCU_ISCO08_7,2024,6.18,,,,R1:3513
KOR,BA:222,EMP_TEMP_ECO_OCU_NB,ECO_ISIC4_P,OCU_ISCO08_8,2024,23.939,,,,R1:3513
KOR,BA:222,EMP_TEMP_ECO_OCU_NB,ECO_ISIC4_P,OCU_ISCO08_9,2024,107.972,,,,R1:3513
KOR,BA:222,EMP_TEMP_ECO_OCU_NB,ECO_ISIC4_Q,OCU_ISCO08_TOTAL,2024,2940.475,,,,R1:3513
KOR,BA:222,EMP_TEMP_ECO_OCU_NB,ECO_ISIC4_Q,OCU_ISCO08_1,2024,17.146,,,,R1:3513
KOR,BA:222,EMP_TEMP_ECO_OCU_NB,ECO_ISIC4_Q,OCU_ISCO08_2,2024,1354.324,,,,R1:3513
KOR,BA:222,EMP_TEMP_ECO_OCU_NB,ECO_ISIC4_Q,OCU_ISCO08_3,2024,233.398,,,,R1:3513
KOR,BA:222,EMP_TEMP_ECO_OCU_NB,ECO_ISIC4_Q,OCU_ISCO08_4,2024,758.153,,,,R1:3513
KOR,BA:222,EMP_TEMP_ECO_OCU_NB,ECO_ISIC4_Q,OCU_ISCO08_5,2024,1.961,,,,R1:3513
KOR,BA:222,EMP_TEMP_ECO_OCU_NB,ECO_ISIC4_Q,OCU_ISCO08_6,2024,0.787,,,,R1:3513
KOR,BA:222,EMP_TEMP_ECO_OCU_NB,ECO_ISIC4_Q,OCU_ISCO08_7,2024,14.422,,,,R1:3513
KOR,BA:222,EMP_TEMP_ECO_OCU_NB,ECO_ISIC4_Q,OCU_ISCO08_8,2024,32.797,,,,R1:3513
KOR,BA:222,EMP_TEMP_ECO_OCU_NB,ECO_ISIC4_Q,OCU_ISCO08_9,2024,527.487,,,,R1:3513
KOR,BA:222,EMP_TEMP_ECO_OCU_NB,ECO_ISIC4_R,OCU_ISCO08_TOTAL,2024,522.22,,,,R1:3513
KOR,BA:222,EMP_TEMP_ECO_OCU_NB,ECO_ISIC4_R,OCU_ISCO08_1,2024,7.006,,,,R1:3513
KOR,BA:222,EMP_TEMP_ECO_OCU_NB,ECO_ISIC4_R,OCU_ISCO08_2,2024,204.581,,,,R1:3513
KOR,BA:222,EMP_TEMP_ECO_OCU_NB,ECO_ISIC4_R,OCU_ISCO08_3,2024,71.852,,,,R1:3513
KOR,BA:222,EMP_TEMP_ECO_OCU_NB,ECO_ISIC4_R,OCU_ISCO08_4,2024,160.155,,,,R1:3513
KOR,BA:222,EMP_TEMP_ECO_OCU_NB,ECO_ISIC4_R,OCU_ISCO08_5,2024,28.269,,,,R1:3513
KOR,BA:222,EMP_TEMP_ECO_OCU_NB,ECO_ISIC4_R,OCU_ISCO08_6,2024,6.489,,,,R1:3513
KOR,BA:222,EMP_TEMP_ECO_OCU_NB,ECO_ISIC4_R,OCU_ISCO08_7,2024,6.94,,,,R1:3513
KOR,BA:222,EMP_TEMP_ECO_OCU_NB,ECO_ISIC4_R,OCU_ISCO08_8,2024,2.954,,,,R1:3513
KOR,BA:222,EMP_TEMP_ECO_OCU_NB,ECO_ISIC4_R,OCU_ISCO08_9,2024,33.975,,,,R1:3513
KOR,BA:222,EMP_TEMP_ECO_OCU_NB,ECO_ISIC4_S,OCU_ISCO08_TOTAL,2024,1130.512,,,,R1:3513
KOR,BA:222,EMP_TEMP_ECO_OCU_NB,ECO_ISIC4_S,OCU_ISCO08_1,2024,4.08,,,,R1:3513
KOR,BA:222,EMP_TEMP_ECO_OCU_NB,ECO_ISIC4_S,OCU_ISCO08_2,2024,149.17,,,,R1:3513
KOR,BA:222,EMP_TEMP_ECO_OCU_NB,ECO_ISIC4_S,OCU_ISCO08_3,2024,129.288,,,,R1:3513
KOR,BA:222,EMP_TEMP_ECO_OCU_NB,ECO_ISIC4_S,OCU_ISCO08_4,2024,391.949,,,,R1:3513
KOR,BA:222,EMP_TEMP_ECO_OCU_NB,ECO_ISIC4_S,OCU_ISCO08_5,2024,25.645,,,,R1:3513
KOR,BA:222,EMP_TEMP_ECO_OCU_NB,ECO_ISIC4_S,OCU_ISCO08_6,2024,0.867,,,,R1:3513
KOR,BA:222,EMP_TEMP_ECO_OCU_NB,ECO_ISIC4_S,OCU_ISCO08_7,2024,240.451,,,,R1:3513
KOR,BA:222,EMP_TEMP_ECO_OCU_NB,ECO_ISIC4_S,OCU_ISCO08_8,2024,69.785,,,,R1:3513
KOR,BA:222,EMP_TEMP_ECO_OCU_NB,ECO_ISIC4_S,OCU_ISCO08_9,2024,119.276,,,,R1:3513
KOR,BA:222,EMP_TEMP_ECO_OCU_NB,ECO_ISIC4_T,OCU_ISCO08_TOTAL,2024,79.36,,,,R1:3513
KOR,BA:222,EMP_TEMP_ECO_OCU_NB,ECO_ISIC4_T,OCU_ISCO08_2,2024,,U,,,R1:3513
KOR,BA:222,EMP_TEMP_ECO_OCU_NB,ECO_ISIC4_T,OCU_ISCO08_4,2024,7.774,,,,R1:3513
KOR,BA:222,EMP_TEMP_ECO_OCU_NB,ECO_ISIC4_T,OCU_ISCO08_9,2024,71.395,,,,R1:3513
KOR,BA:222,EMP_TEMP_ECO_OCU_NB,ECO_ISIC4_U,OCU_ISCO08_TOTAL,2024,15.145,,,,R1:3513
KOR,BA:222,EMP_TEMP_ECO_OCU_NB,ECO_ISIC4_U,OCU_ISCO08_3,2024,8.497,,,,R1:3513
KOR,BA:222,EMP_TEMP_ECO_OCU_NB,ECO_ISIC4_U,OCU_ISCO08_4,2024,0.977,U,,,R1:3513
KOR,BA:222,EMP_TEMP_ECO_OCU_NB,ECO_ISIC4_U,OCU_ISCO08_7,2024,2.533,,,,R1:3513
KOR,BA:222,EMP_TEMP_ECO_OCU_NB,ECO_ISIC4_U,OCU_ISCO08_8,2024,1.553,U,,,R1:3513
KOR,BA:222,EMP_TEMP_ECO_OCU_NB,ECO_ISIC4_U,OCU_ISCO08_9,2024,1.585,U,,,R1:3513
KOR,BA:222,EMP_TEMP_ECO_OCU_NB,ECO_ISIC4_X,OCU_ISCO08_TOTAL,2024,119.695,,,,R1:3513
KOR,BA:222,EMP_TEMP_ECO_OCU_NB,ECO_ISIC4_X,OCU_ISCO08_X,2024,119.695,,,,R1:3513
KOR,BA:222,EMP_TEMP_ECO_OCU_NB,ECO_ISIC4_TOTAL,OCU_ISCO08_TOTAL,2023,28548.989,,,,R1:3513
KOR,BA:222,EMP_TEMP_ECO_OCU_NB,ECO_ISIC4_TOTAL,OCU_ISCO08_1,2023,475.203,,,,R1:3513
KOR,BA:222,EMP_TEMP_ECO_OCU_NB,ECO_ISIC4_TOTAL,OCU_ISCO08_2,2023,6164.925,,,,R1:3513
KOR,BA:222,EMP_TEMP_ECO_OCU_NB,ECO_ISIC4_TOTAL,OCU_ISCO08_3,2023,4967.367,,,,R1:3513
KOR,BA:222,EMP_TEMP_ECO_OCU_NB,ECO_ISIC4_TOTAL,OCU_ISCO08_4,2023,3465.154,,,,R1:3513
KOR,BA:222,EMP_TEMP_ECO_OCU_NB,ECO_ISIC4_TOTAL,OCU_ISCO08_5,2023,2620.563,,,,R1:3513
KOR,BA:222,EMP_TEMP_ECO_OCU_NB,ECO_ISIC4_TOTAL,OCU_ISCO08_6,2023,1481.156,,,,R1:3513
KOR,BA:222,EMP_TEMP_ECO_OCU_NB,ECO_ISIC4_TOTAL,OCU_ISCO08_7,2023,2311.37,,,,R1:3513
KOR,BA:222,EMP_TEMP_ECO_OCU_NB,ECO_ISIC4_TOTAL,OCU_ISCO08_8,2023,2988.169,,,,R1:3513
KOR,BA:222,EMP_TEMP_ECO_OCU_NB,ECO_ISIC4_TOTAL,OCU_ISCO08_9,2023,3942.389,,,,R1:3513
KOR,BA:222,EMP_TEMP_ECO_OCU_NB,ECO_ISIC4_TOTAL,OCU_ISCO08_X,2023,132.693,,,,R1:3513
KOR,BA:222,EMP_TEMP_ECO_OCU_NB,ECO_ISIC4_A,OCU_ISCO08_TOTAL,2023,1512.977,,,,R1:3513
KOR,BA:222,EMP_TEMP_ECO_OCU_NB,ECO_ISIC4_A,OCU_ISCO08_1,2023,0.286,U,,,R1:3513
KOR,BA:222,EMP_TEMP_ECO_OCU_NB,ECO_ISIC4_A,OCU_ISCO08_2,2023,3.963,,,,R1:3513
KOR,BA:222,EMP_TEMP_ECO_OCU_NB,ECO_ISIC4_A,OCU_ISCO08_3,2023,11.587,,,,R1:3513
KOR,BA:222,EMP_TEMP_ECO_OCU_NB,ECO_ISIC4_A,OCU_ISCO08_4,2023,0.359,U,,,R1:3513
KOR,BA:222,EMP_TEMP_ECO_OCU_NB,ECO_ISIC4_A,OCU_ISCO08_5,2023,0.631,,,,R1:3513
KOR,BA:222,EMP_TEMP_ECO_OCU_NB,ECO_ISIC4_A,OCU_ISCO08_6,2023,1431.713,,,,R1:3513
KOR,BA:222,EMP_TEMP_ECO_OCU_NB,ECO_ISIC4_A,OCU_ISCO08_7,2023,0.891,U,,,R1:3513
KOR,BA:222,EMP_TEMP_ECO_OCU_NB,ECO_ISIC4_A,OCU_ISCO08_8,2023,2.313,,,,R1:3513
KOR,BA:222,EMP_TEMP_ECO_OCU_NB,ECO_ISIC4_A,OCU_ISCO08_9,2023,61.234,,,,R1:3513
KOR,BA:222,EMP_TEMP_ECO_OCU_NB,ECO_ISIC4_B,OCU_ISCO08_TOTAL,2023,7.655,,,,R1:3513
KOR,BA:222,EMP_TEMP_ECO_OCU_NB,ECO_ISIC4_B,OCU_ISCO08_3,2023,1.665,,,,R1:3513
KOR,BA:222,EMP_TEMP_ECO_OCU_NB,ECO_ISIC4_B,OCU_ISCO08_7,2023,1.47,,,,R1:3513
KOR,BA:222,EMP_TEMP_ECO_OCU_NB,ECO_ISIC4_B,OCU_ISCO08_8,2023,3.444,,,,R1:3513
KOR,BA:222,EMP_TEMP_ECO_OCU_NB,ECO_ISIC4_B,OCU_ISCO08_9,2023,1.075,,,,R1:3513
KOR,BA:222,EMP_TEMP_ECO_OCU_NB,ECO_ISIC4_C,OCU_ISCO08_TOTAL,2023,4460.566,,,,R1:3513
KOR,BA:222,EMP_TEMP_ECO_OCU_NB,ECO_ISIC4_C,OCU_ISCO08_1,2023,109.532,,,,R1:3513
KOR,BA:222,EMP_TEMP_ECO_OCU_NB,ECO_ISIC4_C,OCU_ISCO08_2,2023,623.487,,,,R1:3513
KOR,BA:222,EMP_TEMP_ECO_OCU_NB,ECO_ISIC4_C,OCU_ISCO08_3,2023,1000.763,,,,R1:3513
KOR,BA:222,EMP_TEMP_ECO_OCU_NB,ECO_ISIC4_C,OCU_ISCO08_4,2023,13.771,,,,R1:3513
KOR,BA:222,EMP_TEMP_ECO_OCU_NB,ECO_ISIC4_C,OCU_ISCO08_5,2023,101.702,,,,R1:3513
KOR,BA:222,EMP_TEMP_ECO_OCU_NB,ECO_ISIC4_C,OCU_ISCO08_6,2023,1.396,,,,R1:3513
KOR,BA:222,EMP_TEMP_ECO_OCU_NB,ECO_ISIC4_C,OCU_ISCO08_7,2023,663.216,,,,R1:3513
KOR,BA:222,EMP_TEMP_ECO_OCU_NB,ECO_ISIC4_C,OCU_ISCO08_8,2023,1487.722,,,,R1:3513
KOR,BA:222,EMP_TEMP_ECO_OCU_NB,ECO_ISIC4_C,OCU_ISCO08_9,2023,458.977,,,,R1:3513
KOR,BA:222,EMP_TEMP_ECO_OCU_NB,ECO_ISIC4_D,OCU_ISCO08_TOTAL,2023,88.806,,,,R1:3513
KOR,BA:222,EMP_TEMP_ECO_OCU_NB,ECO_ISIC4_D,OCU_ISCO08_1,2023,2.798,,,,R1:3513
KOR,BA:222,EMP_TEMP_ECO_OCU_NB,ECO_ISIC4_D,OCU_ISCO08_2,2023,23.532,,,,R1:3513
KOR,BA:222,EMP_TEMP_ECO_OCU_NB,ECO_ISIC4_D,OCU_ISCO08_3,2023,26.426,,,,R1:3513
KOR,BA:222,EMP_TEMP_ECO_OCU_NB,ECO_ISIC4_D,OCU_ISCO08_4,2023,0.308,U,,,R1:3513
KOR,BA:222,EMP_TEMP_ECO_OCU_NB,ECO_ISIC4_D,OCU_ISCO08_5,2023,2.843,,,,R1:3513
KOR,BA:222,EMP_TEMP_ECO_OCU_NB,ECO_ISIC4_D,OCU_ISCO08_7,2023,9.052,,,,R1:3513
KOR,BA:222,EMP_TEMP_ECO_OCU_NB,ECO_ISIC4_D,OCU_ISCO08_8,2023,15.558,,,,R1:3513
KOR,BA:222,EMP_TEMP_ECO_OCU_NB,ECO_ISIC4_D,OCU_ISCO08_9,2023,8.29,,,,R1:3513
KOR,BA:222,EMP_TEMP_ECO_OCU_NB,ECO_ISIC4_E,OCU_ISCO08_TOTAL,2023,146.72,,,,R1:3513
KOR,BA:222,EMP_TEMP_ECO_OCU_NB,ECO_ISIC4_E,OCU_ISCO08_1,2023,2.629,,,,R1:3513
KOR,BA:222,EMP_TEMP_ECO_OCU_NB,ECO_ISIC4_E,OCU_ISCO08_2,2023,7.08,,,,R1:3513
KOR,BA:222,EMP_TEMP_ECO_OCU_NB,ECO_ISIC4_E,OCU_ISCO08_3,2023,36.331,,,,R1:3513
KOR,BA:222,EMP_TEMP_ECO_OCU_NB,ECO_ISIC4_E,OCU_ISCO08_4,2023,1.169,,,,R1:3513
KOR,BA:222,EMP_TEMP_ECO_OCU_NB,ECO_ISIC4_E,OCU_ISCO08_5,2023,2.701,,,,R1:3513
KOR,BA:222,EMP_TEMP_ECO_OCU_NB,ECO_ISIC4_E,OCU_ISCO08_6,2023,1.001,,,,R1:3513
KOR,BA:222,EMP_TEMP_ECO_OCU_NB,ECO_ISIC4_E,OCU_ISCO08_7,2023,5.392,,,,R1:3513
KOR,BA:222,EMP_TEMP_ECO_OCU_NB,ECO_ISIC4_E,OCU_ISCO08_8,2023,48.854,,,,R1:3513
KOR,BA:222,EMP_TEMP_ECO_OCU_NB,ECO_ISIC4_E,OCU_ISCO08_9,2023,41.563,,,,R1:3513
KOR,BA:222,EMP_TEMP_ECO_OCU_NB,ECO_ISIC4_F,OCU_ISCO08_TOTAL,2023,2113.726,,,,R1:3513
KOR,BA:222,EMP_TEMP_ECO_OCU_NB,ECO_ISIC4_F,OCU_ISCO08_1,2023,64.331,,,,R1:3513
KOR,BA:222,EMP_TEMP_ECO_OCU_NB,ECO_ISIC4_F,OCU_ISCO08_2,2023,225.439,,,,R1:3513
KOR,BA:222,EMP_TEMP_ECO_OCU_NB,ECO_ISIC4_F,OCU_ISCO08_3,2023,305.908,,,,R1:3513
KOR,BA:222,EMP_TEMP_ECO_OCU_NB,ECO_ISIC4_F,OCU_ISCO08_4,2023,3.293,,,,R1:3513
KOR,BA:222,EMP_TEMP_ECO_OCU_NB,ECO_ISIC4_F,OCU_ISCO08_5,2023,20.4,,,,R1:3513
KOR,BA:222,EMP_TEMP_ECO_OCU_NB,ECO_ISIC4_F,OCU_ISCO08_6,2023,0.76,U,,,R1:3513
KOR,BA:222,EMP_TEMP_ECO_OCU_NB,ECO_ISIC4_F,OCU_ISCO08_7,2023,986.179,,,,R1:3513
KOR,BA:222,EMP_TEMP_ECO_OCU_NB,ECO_ISIC4_F,OCU_ISCO08_8,2023,178.599,,,,R1:3513
KOR,BA:222,EMP_TEMP_ECO_OCU_NB,ECO_ISIC4_F,OCU_ISCO08_9,2023,328.816,,,,R1:3513
KOR,BA:222,EMP_TEMP_ECO_OCU_NB,ECO_ISIC4_G,OCU_ISCO08_TOTAL,2023,3275.472,,,,R1:3513
KOR,BA:222,EMP_TEMP_ECO_OCU_NB,ECO_ISIC4_G,OCU_ISCO08_1,2023,42.141,,,,R1:3513
KOR,BA:222,EMP_TEMP_ECO_OCU_NB,ECO_ISIC4_G,OCU_ISCO08_2,2023,242.994,,,,R1:3513
KOR,BA:222,EMP_TEMP_ECO_OCU_NB,ECO_ISIC4_G,OCU_ISCO08_3,2023,596.158,,,,R1:3513
KOR,BA:222,EMP_TEMP_ECO_OCU_NB,ECO_ISIC4_G,OCU_ISCO08_4,2023,14.124,,,,R1:3513
KOR,BA:222,EMP_TEMP_ECO_OCU_NB,ECO_ISIC4_G,OCU_ISCO08_5,2023,1829.849,,,,R1:3513
KOR,BA:222,EMP_TEMP_ECO_OCU_NB,ECO_ISIC4_G,OCU_ISCO08_6,2023,0.663,U,,,R1:3513
KOR,BA:222,EMP_TEMP_ECO_OCU_NB,ECO_ISIC4_G,OCU_ISCO08_7,2023,86.323,,,,R1:3513
KOR,BA:222,EMP_TEMP_ECO_OCU_NB,ECO_ISIC4_G,OCU_ISCO08_8,2023,58.294,,,,R1:3513
KOR,BA:222,EMP_TEMP_ECO_OCU_NB,ECO_ISIC4_G,OCU_ISCO08_9,2023,404.926,,,,R1:3513
KOR,BA:222,EMP_TEMP_ECO_OCU_NB,ECO_ISIC4_H,OCU_ISCO08_TOTAL,2023,1644.396,,,,R1:3513
KOR,BA:222,EMP_TEMP_ECO_OCU_NB,ECO_ISIC4_H,OCU_ISCO08_1,2023,21.177,,,,R1:3513
KOR,BA:222,EMP_TEMP_ECO_OCU_NB,ECO_ISIC4_H,OCU_ISCO08_2,2023,51.855,,,,R1:3513
KOR,BA:222,EMP_TEMP_ECO_OCU_NB,ECO_ISIC4_H,OCU_ISCO08_3,2023,230.398,,,,R1:3513
KOR,BA:222,EMP_TEMP_ECO_OCU_NB,ECO_ISIC4_H,OCU_ISCO08_4,2023,22.03,,,,R1:3513
KOR,BA:222,EMP_TEMP_ECO_OCU_NB,ECO_ISIC4_H,OCU_ISCO08_5,2023,11.656,,,,R1:3513
KOR,BA:222,EMP_TEMP_ECO_OCU_NB,ECO_ISIC4_H,OCU_ISCO08_7,2023,39.886,,,,R1:3513
KOR,BA:222,EMP_TEMP_ECO_OCU_NB,ECO_ISIC4_H,OCU_ISCO08_8,2023,861.663,,,,R1:3513
KOR,BA:222,EMP_TEMP_ECO_OCU_NB,ECO_ISIC4_H,OCU_ISCO08_9,2023,405.731,,,,R1:3513
KOR,BA:222,EMP_TEMP_ECO_OCU_NB,ECO_ISIC4_I,OCU_ISCO08_TOTAL,2023,2296.292,,,,R1:3513
KOR,BA:222,EMP_TEMP_ECO_OCU_NB,ECO_ISIC4_I,OCU_ISCO08_1,2023,23.658,,,,R1:3513
KOR,BA:222,EMP_TEMP_ECO_OCU_NB,ECO_ISIC4_I,OCU_ISCO08_2,2023,9.169,,,,R1:3513
KOR,BA:222,EMP_TEMP_ECO_OCU_NB,ECO_ISIC4_I,OCU_ISCO08_3,2023,37.806,,,,R1:3513
KOR,BA:222,EMP_TEMP_ECO_OCU_NB,ECO_ISIC4_I,OCU_ISCO08_4,2023,1607.594,,,,R1:3513
KOR,BA:222,EMP_TEMP_ECO_OCU_NB,ECO_ISIC4_I,OCU_ISCO08_5,2023,193.635,,,,R1:3513
KOR,BA:222,EMP_TEMP_ECO_OCU_NB,ECO_ISIC4_I,OCU_ISCO08_7,2023,52.854,,,,R1:3513
KOR,BA:222,EMP_TEMP_ECO_OCU_NB,ECO_ISIC4_I,OCU_ISCO08_8,2023,5.832,,,,R1:3513
KOR,BA:222,EMP_TEMP_ECO_OCU_NB,ECO_ISIC4_I,OCU_ISCO08_9,2023,365.745,,,,R1:3513
KOR,BA:222,EMP_TEMP_ECO_OCU_NB,ECO_ISIC4_J,OCU_ISCO08_TOTAL,2023,1037.398,,,,R1:3513
KOR,BA:222,EMP_TEMP_ECO_OCU_NB,ECO_ISIC4_J,OCU_ISCO08_1,2023,24.545,,,,R1:3513
KOR,BA:222,EMP_TEMP_ECO_OCU_NB,ECO_ISIC4_J,OCU_ISCO08_2,2023,685.637,,,,R1:3513
KOR,BA:222,EMP_TEMP_ECO_OCU_NB,ECO_ISIC4_J,OCU_ISCO08_3,2023,217.791,,,,R1:3513
KOR,BA:222,EMP_TEMP_ECO_OCU_NB,ECO_ISIC4_J,OCU_ISCO08_4,2023,4.741,,,,R1:3513
KOR,BA:222,EMP_TEMP_ECO_OCU_NB,ECO_ISIC4_J,OCU_ISCO08_5,2023,27.056,,,,R1:3513
KOR,BA:222,EMP_TEMP_ECO_OCU_NB,ECO_ISIC4_J,OCU_ISCO08_6,2023,0.239,U,,,R1:3513
KOR,BA:222,EMP_TEMP_ECO_OCU_NB,ECO_ISIC4_J,OCU_ISCO08_7,2023,28.051,,,,R1:3513
KOR,BA:222,EMP_TEMP_ECO_OCU_NB,ECO_ISIC4_J,OCU_ISCO08_8,2023,7.853,,,,R1:3513
KOR,BA:222,EMP_TEMP_ECO_OCU_NB,ECO_ISIC4_J,OCU_ISCO08_9,2023,41.484,,,,R1:3513
KOR,BA:222,EMP_TEMP_ECO_OCU_NB,ECO_ISIC4_K,OCU_ISCO08_TOTAL,2023,750.556,,,,R1:3513
KOR,BA:222,EMP_TEMP_ECO_OCU_NB,ECO_ISIC4_K,OCU_ISCO08_1,2023,32.574,,,,R1:3513
KOR,BA:222,EMP_TEMP_ECO_OCU_NB,ECO_ISIC4_K,OCU_ISCO08_2,2023,89.51,,,,R1:3513
KOR,BA:222,EMP_TEMP_ECO_OCU_NB,ECO_ISIC4_K,OCU_ISCO08_3,2023,355.825,,,,R1:3513
KOR,BA:222,EMP_TEMP_ECO_OCU_NB,ECO_ISIC4_K,OCU_ISCO08_4,2023,1.37,,,,R1:3513
KOR,BA:222,EMP_TEMP_ECO_OCU_NB,ECO_ISIC4_K,OCU_ISCO08_5,2023,259.355,,,,R1:3513
KOR,BA:222,EMP_TEMP_ECO_OCU_NB,ECO_ISIC4_K,OCU_ISCO08_6,2023,2.068,,,,R1:3513
KOR,BA:222,EMP_TEMP_ECO_OCU_NB,ECO_ISIC4_K,OCU_ISCO08_7,2023,1.164,,,,R1:3513
KOR,BA:222,EMP_TEMP_ECO_OCU_NB,ECO_ISIC4_K,OCU_ISCO08_8,2023,3.28,,,,R1:3513
KOR,BA:222,EMP_TEMP_ECO_OCU_NB,ECO_ISIC4_K,OCU_ISCO08_9,2023,5.41,,,,R1:3513
KOR,BA:222,EMP_TEMP_ECO_OCU_NB,ECO_ISIC4_L,OCU_ISCO08_TOTAL,2023,534.105,,,,R1:3513
KOR,BA:222,EMP_TEMP_ECO_OCU_NB,ECO_ISIC4_L,OCU_ISCO08_1,2023,21.649,,,,R1:3513
KOR,BA:222,EMP_TEMP_ECO_OCU_NB,ECO_ISIC4_L,OCU_ISCO08_2,2023,166.375,,,,R1:3513
KOR,BA:222,EMP_TEMP_ECO_OCU_NB,ECO_ISIC4_L,OCU_ISCO08_3,2023,139.555,,,,R1:3513
KOR,BA:222,EMP_TEMP_ECO_OCU_NB,ECO_ISIC4_L,OCU_ISCO08_4,2023,2.069,,,,R1:3513
KOR,BA:222,EMP_TEMP_ECO_OCU_NB,ECO_ISIC4_L,OCU_ISCO08_5,2023,6.062,,,,R1:3513
KOR,BA:222,EMP_TEMP_ECO_OCU_NB,ECO_ISIC4_L,OCU_ISCO08_6,2023,0.472,U,,,R1:3513
KOR,BA:222,EMP_TEMP_ECO_OCU_NB,ECO_ISIC4_L,OCU_ISCO08_7,2023,15.165,,,,R1:3513
KOR,BA:222,EMP_TEMP_ECO_OCU_NB,ECO_ISIC4_L,OCU_ISCO08_8,2023,34.825,,,,R1:3513
KOR,BA:222,EMP_TEMP_ECO_OCU_NB,ECO_ISIC4_L,OCU_ISCO08_9,2023,147.932,,,,R1:3513
KOR,BA:222,EMP_TEMP_ECO_OCU_NB,ECO_ISIC4_M,OCU_ISCO08_TOTAL,2023,1357.44,,,,R1:3513
KOR,BA:222,EMP_TEMP_ECO_OCU_NB,ECO_ISIC4_M,OCU_ISCO08_1,2023,38.152,,,,R1:3513
KOR,BA:222,EMP_TEMP_ECO_OCU_NB,ECO_ISIC4_M,OCU_ISCO08_2,2023,812.093,,,,R1:3513
KOR,BA:222,EMP_TEMP_ECO_OCU_NB,ECO_ISIC4_M,OCU_ISCO08_3,2023,407.035,,,,R1:3513
KOR,BA:222,EMP_TEMP_ECO_OCU_NB,ECO_ISIC4_M,OCU_ISCO08_4,2023,21.757,,,,R1:3513
KOR,BA:222,EMP_TEMP_ECO_OCU_NB,ECO_ISIC4_M,OCU_ISCO08_5,2023,27.111,,,,R1:3513
KOR,BA:222,EMP_TEMP_ECO_OCU_NB,ECO_ISIC4_M,OCU_ISCO08_6,2023,1.972,,,,R1:3513
KOR,BA:222,EMP_TEMP_ECO_OCU_NB,ECO_ISIC4_M,OCU_ISCO08_7,2023,17.865,,,,R1:3513
KOR,BA:222,EMP_TEMP_ECO_OCU_NB,ECO_ISIC4_M,OCU_ISCO08_8,2023,17.684,,,,R1:3513
KOR,BA:222,EMP_TEMP_ECO_OCU_NB,ECO_ISIC4_M,OCU_ISCO08_9,2023,13.771,,,,R1:3513
KOR,BA:222,EMP_TEMP_ECO_OCU_NB,ECO_ISIC4_N,OCU_ISCO08_TOTAL,2023,1431.035,,,,R1:3513
KOR,BA:222,EMP_TEMP_ECO_OCU_NB,ECO_ISIC4_N,OCU_ISCO08_1,2023,16.94,,,,R1:3513
KOR,BA:222,EMP_TEMP_ECO_OCU_NB,ECO_ISIC4_N,OCU_ISCO08_2,2023,82.906,,,,R1:3513
KOR,BA:222,EMP_TEMP_ECO_OCU_NB,ECO_ISIC4_N,OCU_ISCO08_3,2023,299.953,,,,R1:3513
KOR,BA:222,EMP_TEMP_ECO_OCU_NB,ECO_ISIC4_N,OCU_ISCO08_4,2023,106.371,,,,R1:3513
KOR,BA:222,EMP_TEMP_ECO_OCU_NB,ECO_ISIC4_N,OCU_ISCO08_5,2023,75.816,,,,R1:3513
KOR,BA:222,EMP_TEMP_ECO_OCU_NB,ECO_ISIC4_N,OCU_ISCO08_6,2023,25.738,,,,R1:3513
KOR,BA:222,EMP_TEMP_ECO_OCU_NB,ECO_ISIC4_N,OCU_ISCO08_7,2023,96.323,,,,R1:3513
KOR,BA:222,EMP_TEMP_ECO_OCU_NB,ECO_ISIC4_N,OCU_ISCO08_8,2023,106.244,,,,R1:3513
KOR,BA:222,EMP_TEMP_ECO_OCU_NB,ECO_ISIC4_N,OCU_ISCO08_9,2023,620.744,,,,R1:3513
KOR,BA:222,EMP_TEMP_ECO_OCU_NB,ECO_ISIC4_O,OCU_ISCO08_TOTAL,2023,1269.715,,,,R1:3513
KOR,BA:222,EMP_TEMP_ECO_OCU_NB,ECO_ISIC4_O,OCU_ISCO08_1,2023,13.465,,,,R1:3513
KOR,BA:222,EMP_TEMP_ECO_OCU_NB,ECO_ISIC4_O,OCU_ISCO08_2,2023,115.005,,,,R1:3513
KOR,BA:222,EMP_TEMP_ECO_OCU_NB,ECO_ISIC4_O,OCU_ISCO08_3,2023,604.424,,,,R1:3513
KOR,BA:222,EMP_TEMP_ECO_OCU_NB,ECO_ISIC4_O,OCU_ISCO08_4,2023,252.554,,,,R1:3513
KOR,BA:222,EMP_TEMP_ECO_OCU_NB,ECO_ISIC4_O,OCU_ISCO08_5,2023,0.62,,,,R1:3513
KOR,BA:222,EMP_TEMP_ECO_OCU_NB,ECO_ISIC4_O,OCU_ISCO08_6,2023,4.635,,,,R1:3513
KOR,BA:222,EMP_TEMP_ECO_OCU_NB,ECO_ISIC4_O,OCU_ISCO08_7,2023,13.885,,,,R1:3513
KOR,BA:222,EMP_TEMP_ECO_OCU_NB,ECO_ISIC4_O,OCU_ISCO08_8,2023,16.377,,,,R1:3513
KOR,BA:222,EMP_TEMP_ECO_OCU_NB,ECO_ISIC4_O,OCU_ISCO08_9,2023,248.75,,,,R1:3513
KOR,BA:222,EMP_TEMP_ECO_OCU_NB,ECO_ISIC4_P,OCU_ISCO08_TOTAL,2023,1895.739,,,,R1:3513
KOR,BA:222,EMP_TEMP_ECO_OCU_NB,ECO_ISIC4_P,OCU_ISCO08_1,2023,36.18,,,,R1:3513
KOR,BA:222,EMP_TEMP_ECO_OCU_NB,ECO_ISIC4_P,OCU_ISCO08_2,2023,1305.511,,,,R1:3513
KOR,BA:222,EMP_TEMP_ECO_OCU_NB,ECO_ISIC4_P,OCU_ISCO08_3,2023,257.862,,,,R1:3513
KOR,BA:222,EMP_TEMP_ECO_OCU_NB,ECO_ISIC4_P,OCU_ISCO08_4,2023,137.347,,,,R1:3513
KOR,BA:222,EMP_TEMP_ECO_OCU_NB,ECO_ISIC4_P,OCU_ISCO08_5,2023,1.926,,,,R1:3513
KOR,BA:222,EMP_TEMP_ECO_OCU_NB,ECO_ISIC4_P,OCU_ISCO08_6,2023,,U,,,R1:3513
KOR,BA:222,EMP_TEMP_ECO_OCU_NB,ECO_ISIC4_P,OCU_ISCO08_7,2023,13.407,,,,R1:3513
KOR,BA:222,EMP_TEMP_ECO_OCU_NB,ECO_ISIC4_P,OCU_ISCO08_8,2023,35.358,,,,R1:3513
KOR,BA:222,EMP_TEMP_ECO_OCU_NB,ECO_ISIC4_P,OCU_ISCO08_9,2023,108.055,,,,R1:3513
KOR,BA:222,EMP_TEMP_ECO_OCU_NB,ECO_ISIC4_Q,OCU_ISCO08_TOTAL,2023,2857.616,,,,R1:3513
KOR,BA:222,EMP_TEMP_ECO_OCU_NB,ECO_ISIC4_Q,OCU_ISCO08_1,2023,16.876,,,,R1:3513
KOR,BA:222,EMP_TEMP_ECO_OCU_NB,ECO_ISIC4_Q,OCU_ISCO08_2,2023,1390.865,,,,R1:3513
KOR,BA:222,EMP_TEMP_ECO_OCU_NB,ECO_ISIC4_Q,OCU_ISCO08_3,2023,226.788,,,,R1:3513
KOR,BA:222,EMP_TEMP_ECO_OCU_NB,ECO_ISIC4_Q,OCU_ISCO08_4,2023,711.272,,,,R1:3513
KOR,BA:222,EMP_TEMP_ECO_OCU_NB,ECO_ISIC4_Q,OCU_ISCO08_5,2023,3.171,,,,R1:3513
KOR,BA:222,EMP_TEMP_ECO_OCU_NB,ECO_ISIC4_Q,OCU_ISCO08_6,2023,0.807,,,,R1:3513
KOR,BA:222,EMP_TEMP_ECO_OCU_NB,ECO_ISIC4_Q,OCU_ISCO08_7,2023,15.246,,,,R1:3513
KOR,BA:222,EMP_TEMP_ECO_OCU_NB,ECO_ISIC4_Q,OCU_ISCO08_8,2023,32.224,,,,R1:3513
KOR,BA:222,EMP_TEMP_ECO_OCU_NB,ECO_ISIC4_Q,OCU_ISCO08_9,2023,460.366,,,,R1:3513
KOR,BA:222,EMP_TEMP_ECO_OCU_NB,ECO_ISIC4_R,OCU_ISCO08_TOTAL,2023,512.172,,,,R1:3513
KOR,BA:222,EMP_TEMP_ECO_OCU_NB,ECO_ISIC4_R,OCU_ISCO08_1,2023,4.409,,,,R1:3513
KOR,BA:222,EMP_TEMP_ECO_OCU_NB,ECO_ISIC4_R,OCU_ISCO08_2,2023,182.785,,,,R1:3513
KOR,BA:222,EMP_TEMP_ECO_OCU_NB,ECO_ISIC4_R,OCU_ISCO08_3,2023,79.24,,,,R1:3513
KOR,BA:222,EMP_TEMP_ECO_OCU_NB,ECO_ISIC4_R,OCU_ISCO08_4,2023,157.198,,,,R1:3513
KOR,BA:222,EMP_TEMP_ECO_OCU_NB,ECO_ISIC4_R,OCU_ISCO08_5,2023,26.253,,,,R1:3513
KOR,BA:222,EMP_TEMP_ECO_OCU_NB,ECO_ISIC4_R,OCU_ISCO08_6,2023,8.806,,,,R1:3513
KOR,BA:222,EMP_TEMP_ECO_OCU_NB,ECO_ISIC4_R,OCU_ISCO08_7,2023,5.181,,,,R1:3513
KOR,BA:222,EMP_TEMP_ECO_OCU_NB,ECO_ISIC4_R,OCU_ISCO08_8,2023,5.339,,,,R1:3513
KOR,BA:222,EMP_TEMP_ECO_OCU_NB,ECO_ISIC4_R,OCU_ISCO08_9,2023,42.96,,,,R1:3513
KOR,BA:222,EMP_TEMP_ECO_OCU_NB,ECO_ISIC4_S,OCU_ISCO08_TOTAL,2023,1129.492,,,,R1:3513
KOR,BA:222,EMP_TEMP_ECO_OCU_NB,ECO_ISIC4_S,OCU_ISCO08_1,2023,3.859,,,,R1:3513
KOR,BA:222,EMP_TEMP_ECO_OCU_NB,ECO_ISIC4_S,OCU_ISCO08_2,2023,145.76,,,,R1:3513
KOR,BA:222,EMP_TEMP_ECO_OCU_NB,ECO_ISIC4_S,OCU_ISCO08_3,2023,121.854,,,,R1:3513
KOR,BA:222,EMP_TEMP_ECO_OCU_NB,ECO_ISIC4_S,OCU_ISCO08_4,2023,401.178,,,,R1:3513
KOR,BA:222,EMP_TEMP_ECO_OCU_NB,ECO_ISIC4_S,OCU_ISCO08_5,2023,29.776,,,,R1:3513
KOR,BA:222,EMP_TEMP_ECO_OCU_NB,ECO_ISIC4_S,OCU_ISCO08_6,2023,0.792,,,,R1:3513
KOR,BA:222,EMP_TEMP_ECO_OCU_NB,ECO_ISIC4_S,OCU_ISCO08_7,2023,257.211,,,,R1:3513
KOR,BA:222,EMP_TEMP_ECO_OCU_NB,ECO_ISIC4_S,OCU_ISCO08_8,2023,64.689,,,,R1:3513
KOR,BA:222,EMP_TEMP_ECO_OCU_NB,ECO_ISIC4_S,OCU_ISCO08_9,2023,104.373,,,,R1:3513
KOR,BA:222,EMP_TEMP_ECO_OCU_NB,ECO_ISIC4_T,OCU_ISCO08_TOTAL,2023,77.092,,,,R1:3513
KOR,BA:222,EMP_TEMP_ECO_OCU_NB,ECO_ISIC4_T,OCU_ISCO08_2,2023,0.959,U,,,R1:3513
KOR,BA:222,EMP_TEMP_ECO_OCU_NB,ECO_ISIC4_T,OCU_ISCO08_4,2023,5.103,,,,R1:3513
KOR,BA:222,EMP_TEMP_ECO_OCU_NB,ECO_ISIC4_T,OCU_ISCO08_7,2023,0.299,U,,,R1:3513
KOR,BA:222,EMP_TEMP_ECO_OCU_NB,ECO_ISIC4_T,OCU_ISCO08_9,2023,70.731,,,,R1:3513
KOR,BA:222,EMP_TEMP_ECO_OCU_NB,ECO_ISIC4_U,OCU_ISCO08_TOTAL,2023,17.325,,,,R1:3513
KOR,BA:222,EMP_TEMP_ECO_OCU_NB,ECO_ISIC4_U,OCU_ISCO08_3,2023,9.998,,,,R1:3513
KOR,BA:222,EMP_TEMP_ECO_OCU_NB,ECO_ISIC4_U,OCU_ISCO08_4,2023,1.545,U,,,R1:3513
KOR,BA:222,EMP_TEMP_ECO_OCU_NB,ECO_ISIC4_U,OCU_ISCO08_7,2023,2.31,,,,R1:3513
KOR,BA:222,EMP_TEMP_ECO_OCU_NB,ECO_ISIC4_U,OCU_ISCO08_8,2023,2.017,,,,R1:3513
KOR,BA:222,EMP_TEMP_ECO_OCU_NB,ECO_ISIC4_U,OCU_ISCO08_9,2023,1.454,U,,,R1:3513
KOR,BA:222,EMP_TEMP_ECO_OCU_NB,ECO_ISIC4_X,OCU_ISCO08_TOTAL,2023,132.693,,,,R1:3513
KOR,BA:222,EMP_TEMP_ECO_OCU_NB,ECO_ISIC4_X,OCU_ISCO08_X,2023,132.693,,,,R1:3513
KOR,BA:222,EMP_TEMP_ECO_OCU_NB,ECO_ISIC4_TOTAL,OCU_ISCO08_TOTAL,2022,28229.34,,,,R1:3513
KOR,BA:222,EMP_TEMP_ECO_OCU_NB,ECO_ISIC4_TOTAL,OCU_ISCO08_1,2022,436.42,,,,R1:3513
KOR,BA:222,EMP_TEMP_ECO_OCU_NB,ECO_ISIC4_TOTAL,OCU_ISCO08_2,2022,5880.35,,,,R1:3513
KOR,BA:222,EMP_TEMP_ECO_OCU_NB,ECO_ISIC4_TOTAL,OCU_ISCO08_3,2022,4858.549,,,,R1:3513
KOR,BA:222,EMP_TEMP_ECO_OCU_NB,ECO_ISIC4_TOTAL,OCU_ISCO08_4,2022,3269.244,,,,R1:3513
KOR,BA:222,EMP_TEMP_ECO_OCU_NB,ECO_ISIC4_TOTAL,OCU_ISCO08_5,2022,2680.95,,,,R1:3513
KOR,BA:222,EMP_TEMP_ECO_OCU_NB,ECO_ISIC4_TOTAL,OCU_ISCO08_6,2022,1462.858,,,,R1:3513
KOR,BA:222,EMP_TEMP_ECO_OCU_NB,ECO_ISIC4_TOTAL,OCU_ISCO08_7,2022,2402.624,,,,R1:3513
KOR,BA:222,EMP_TEMP_ECO_OCU_NB,ECO_ISIC4_TOTAL,OCU_ISCO08_8,2022,3038.491,,,,R1:3513
KOR,BA:222,EMP_TEMP_ECO_OCU_NB,ECO_ISIC4_TOTAL,OCU_ISCO08_9,2022,4059.628,,,,R1:3513
KOR,BA:222,EMP_TEMP_ECO_OCU_NB,ECO_ISIC4_TOTAL,OCU_ISCO08_X,2022,140.226,,,,R1:3513
KOR,BA:222,EMP_TEMP_ECO_OCU_NB,ECO_ISIC4_A,OCU_ISCO08_TOTAL,2022,1525.745,,,,R1:3513
KOR,BA:222,EMP_TEMP_ECO_OCU_NB,ECO_ISIC4_A,OCU_ISCO08_2,2022,4.723,,,,R1:3513
KOR,BA:222,EMP_TEMP_ECO_OCU_NB,ECO_ISIC4_A,OCU_ISCO08_3,2022,11.959,,,,R1:3513
KOR,BA:222,EMP_TEMP_ECO_OCU_NB,ECO_ISIC4_A,OCU_ISCO08_4,2022,2.285,,,,R1:3513
KOR,BA:222,EMP_TEMP_ECO_OCU_NB,ECO_ISIC4_A,OCU_ISCO08_5,2022,1.543,,,,R1:3513
KOR,BA:222,EMP_TEMP_ECO_OCU_NB,ECO_ISIC4_A,OCU_ISCO08_6,2022,1430.631,,,,R1:3513
KOR,BA:222,EMP_TEMP_ECO_OCU_NB,ECO_ISIC4_A,OCU_ISCO08_7,2022,0.245,U,,,R1:3513
KOR,BA:222,EMP_TEMP_ECO_OCU_NB,ECO_ISIC4_A,OCU_ISCO08_8,2022,2.211,,,,R1:3513
KOR,BA:222,EMP_TEMP_ECO_OCU_NB,ECO_ISIC4_A,OCU_ISCO08_9,2022,72.147,,,,R1:3513
KOR,BA:222,EMP_TEMP_ECO_OCU_NB,ECO_ISIC4_B,OCU_ISCO08_TOTAL,2022,9.255,,,,R1:3513
KOR,BA:222,EMP_TEMP_ECO_OCU_NB,ECO_ISIC4_B,OCU_ISCO08_1,2022,0.219,U,,,R1:3513
KOR,BA:222,EMP_TEMP_ECO_OCU_NB,ECO_ISIC4_B,OCU_ISCO08_3,2022,2.008,,,,R1:3513
KOR,BA:222,EMP_TEMP_ECO_OCU_NB,ECO_ISIC4_B,OCU_ISCO08_7,2022,2.598,,,,R1:3513
KOR,BA:222,EMP_TEMP_ECO_OCU_NB,ECO_ISIC4_B,OCU_ISCO08_8,2022,3.136,,,,R1:3513
KOR,BA:222,EMP_TEMP_ECO_OCU_NB,ECO_ISIC4_B,OCU_ISCO08_9,2022,1.294,,,,R1:3513
KOR,BA:222,EMP_TEMP_ECO_OCU_NB,ECO_ISIC4_C,OCU_ISCO08_TOTAL,2022,4503.186,,,,R1:3513
KOR,BA:222,EMP_TEMP_ECO_OCU_NB,ECO_ISIC4_C,OCU_ISCO08_1,2022,106.25,,,,R1:3513
KOR,BA:222,EMP_TEMP_ECO_OCU_NB,ECO_ISIC4_C,OCU_ISCO08_2,2022,570.96,,,,R1:3513
KOR,BA:222,EMP_TEMP_ECO_OCU_NB,ECO_ISIC4_C,OCU_ISCO08_3,2022,975.022,,,,R1:3513
KOR,BA:222,EMP_TEMP_ECO_OCU_NB,ECO_ISIC4_C,OCU_ISCO08_4,2022,14.966,,,,R1:3513
KOR,BA:222,EMP_TEMP_ECO_OCU_NB,ECO_ISIC4_C,OCU_ISCO08_5,2022,109.476,,,,R1:3513
KOR,BA:222,EMP_TEMP_ECO_OCU_NB,ECO_ISIC4_C,OCU_ISCO08_6,2022,,U,,,R1:3513
KOR,BA:222,EMP_TEMP_ECO_OCU_NB,ECO_ISIC4_C,OCU_ISCO08_7,2022,696.109,,,,R1:3513
KOR,BA:222,EMP_TEMP_ECO_OCU_NB,ECO_ISIC4_C,OCU_ISCO08_8,2022,1513.775,,,,R1:3513
KOR,BA:222,EMP_TEMP_ECO_OCU_NB,ECO_ISIC4_C,OCU_ISCO08_9,2022,516.494,,,,R1:3513
KOR,BA:222,EMP_TEMP_ECO_OCU_NB,ECO_ISIC4_D,OCU_ISCO08_TOTAL,2022,80.156,,,,R1:3513
KOR,BA:222,EMP_TEMP_ECO_OCU_NB,ECO_ISIC4_D,OCU_ISCO08_1,2022,2.665,,,,R1:3513
KOR,BA:222,EMP_TEMP_ECO_OCU_NB,ECO_ISIC4_D,OCU_ISCO08_2,2022,25.209,,,,R1:3513
KOR,BA:222,EMP_TEMP_ECO_OCU_NB,ECO_ISIC4_D,OCU_ISCO08_3,2022,22.79,,,,R1:3513
KOR,BA:222,EMP_TEMP_ECO_OCU_NB,ECO_ISIC4_D,OCU_ISCO08_4,2022,0.259,U,,,R1:3513
KOR,BA:222,EMP_TEMP_ECO_OCU_NB,ECO_ISIC4_D,OCU_ISCO08_5,2022,0.666,U,,,R1:3513
KOR,BA:222,EMP_TEMP_ECO_OCU_NB,ECO_ISIC4_D,OCU_ISCO08_7,2022,7.551,,,,R1:3513
KOR,BA:222,EMP_TEMP_ECO_OCU_NB,ECO_ISIC4_D,OCU_ISCO08_8,2022,12.913,,,,R1:3513
KOR,BA:222,EMP_TEMP_ECO_OCU_NB,ECO_ISIC4_D,OCU_ISCO08_9,2022,8.102,,,,R1:3513
KOR,BA:222,EMP_TEMP_ECO_OCU_NB,ECO_ISIC4_E,OCU_ISCO08_TOTAL,2022,154.266,,,,R1:3513
KOR,BA:222,EMP_TEMP_ECO_OCU_NB,ECO_ISIC4_E,OCU_ISCO08_1,2022,2.885,,,,R1:3513
KOR,BA:222,EMP_TEMP_ECO_OCU_NB,ECO_ISIC4_E,OCU_ISCO08_2,2022,4.06,,,,R1:3513
KOR,BA:222,EMP_TEMP_ECO_OCU_NB,ECO_ISIC4_E,OCU_ISCO08_3,2022,31.983,,,,R1:3513
KOR,BA:222,EMP_TEMP_ECO_OCU_NB,ECO_ISIC4_E,OCU_ISCO08_4,2022,0.986,,,,R1:3513
KOR,BA:222,EMP_TEMP_ECO_OCU_NB,ECO_ISIC4_E,OCU_ISCO08_5,2022,2.765,,,,R1:3513
KOR,BA:222,EMP_TEMP_ECO_OCU_NB,ECO_ISIC4_E,OCU_ISCO08_6,2022,1.242,,,,R1:3513
KOR,BA:222,EMP_TEMP_ECO_OCU_NB,ECO_ISIC4_E,OCU_ISCO08_7,2022,8.584,,,,R1:3513
KOR,BA:222,EMP_TEMP_ECO_OCU_NB,ECO_ISIC4_E,OCU_ISCO08_8,2022,58.114,,,,R1:3513
KOR,BA:222,EMP_TEMP_ECO_OCU_NB,ECO_ISIC4_E,OCU_ISCO08_9,2022,43.647,,,,R1:3513
KOR,BA:222,EMP_TEMP_ECO_OCU_NB,ECO_ISIC4_F,OCU_ISCO08_TOTAL,2022,2122.968,,,,R1:3513
KOR,BA:222,EMP_TEMP_ECO_OCU_NB,ECO_ISIC4_F,OCU_ISCO08_1,2022,57.657,,,,R1:3513
KOR,BA:222,EMP_TEMP_ECO_OCU_NB,ECO_ISIC4_F,OCU_ISCO08_2,2022,215.051,,,,R1:3513
KOR,BA:222,EMP_TEMP_ECO_OCU_NB,ECO_ISIC4_F,OCU_ISCO08_3,2022,292.783,,,,R1:3513
KOR,BA:222,EMP_TEMP_ECO_OCU_NB,ECO_ISIC4_F,OCU_ISCO08_4,2022,1.805,,,,R1:3513
KOR,BA:222,EMP_TEMP_ECO_OCU_NB,ECO_ISIC4_F,OCU_ISCO08_5,2022,21.258,,,,R1:3513
KOR,BA:222,EMP_TEMP_ECO_OCU_NB,ECO_ISIC4_F,OCU_ISCO08_6,2022,2.672,,,,R1:3513
KOR,BA:222,EMP_TEMP_ECO_OCU_NB,ECO_ISIC4_F,OCU_ISCO08_7,2022,1017.441,,,,R1:3513
KOR,BA:222,EMP_TEMP_ECO_OCU_NB,ECO_ISIC4_F,OCU_ISCO08_8,2022,177.857,,,,R1:3513
KOR,BA:222,EMP_TEMP_ECO_OCU_NB,ECO_ISIC4_F,OCU_ISCO08_9,2022,336.445,,,,R1:3513
KOR,BA:222,EMP_TEMP_ECO_OCU_NB,ECO_ISIC4_G,OCU_ISCO08_TOTAL,2022,3312.526,,,,R1:3513
KOR,BA:222,EMP_TEMP_ECO_OCU_NB,ECO_ISIC4_G,OCU_ISCO08_1,2022,39.042,,,,R1:3513
KOR,BA:222,EMP_TEMP_ECO_OCU_NB,ECO_ISIC4_G,OCU_ISCO08_2,2022,233.822,,,,R1:3513
KOR,BA:222,EMP_TEMP_ECO_OCU_NB,ECO_ISIC4_G,OCU_ISCO08_3,2022,580.765,,,,R1:3513
KOR,BA:222,EMP_TEMP_ECO_OCU_NB,ECO_ISIC4_G,OCU_ISCO08_4,2022,11.998,,,,R1:3513
KOR,BA:222,EMP_TEMP_ECO_OCU_NB,ECO_ISIC4_G,OCU_ISCO08_5,2022,1892.64,,,,R1:3513
KOR,BA:222,EMP_TEMP_ECO_OCU_NB,ECO_ISIC4_G,OCU_ISCO08_6,2022,0.691,,,,R1:3513
KOR,BA:222,EMP_TEMP_ECO_OCU_NB,ECO_ISIC4_G,OCU_ISCO08_7,2022,91.798,,,,R1:3513
KOR,BA:222,EMP_TEMP_ECO_OCU_NB,ECO_ISIC4_G,OCU_ISCO08_8,2022,66.874,,,,R1:3513
KOR,BA:222,EMP_TEMP_ECO_OCU_NB,ECO_ISIC4_G,OCU_ISCO08_9,2022,394.896,,,,R1:3513
KOR,BA:222,EMP_TEMP_ECO_OCU_NB,ECO_ISIC4_H,OCU_ISCO08_TOTAL,2022,1655.238,,,,R1:3513
KOR,BA:222,EMP_TEMP_ECO_OCU_NB,ECO_ISIC4_H,OCU_ISCO08_1,2022,14.707,,,,R1:3513
KOR,BA:222,EMP_TEMP_ECO_OCU_NB,ECO_ISIC4_H,OCU_ISCO08_2,2022,48.136,,,,R1:3513
KOR,BA:222,EMP_TEMP_ECO_OCU_NB,ECO_ISIC4_H,OCU_ISCO08_3,2022,231.974,,,,R1:3513
KOR,BA:222,EMP_TEMP_ECO_OCU_NB,ECO_ISIC4_H,OCU_ISCO08_4,2022,26.898,,,,R1:3513
KOR,BA:222,EMP_TEMP_ECO_OCU_NB,ECO_ISIC4_H,OCU_ISCO08_5,2022,12.46,,,,R1:3513
KOR,BA:222,EMP_TEMP_ECO_OCU_NB,ECO_ISIC4_H,OCU_ISCO08_6,2022,,U,,,R1:3513
KOR,BA:222,EMP_TEMP_ECO_OCU_NB,ECO_ISIC4_H,OCU_ISCO08_7,2022,32.577,,,,R1:3513
KOR,BA:222,EMP_TEMP_ECO_OCU_NB,ECO_ISIC4_H,OCU_ISCO08_8,2022,866.69,,,,R1:3513
KOR,BA:222,EMP_TEMP_ECO_OCU_NB,ECO_ISIC4_H,OCU_ISCO08_9,2022,421.771,,,,R1:3513
KOR,BA:222,EMP_TEMP_ECO_OCU_NB,ECO_ISIC4_I,OCU_ISCO08_TOTAL,2022,2181.989,,,,R1:3513
KOR,BA:222,EMP_TEMP_ECO_OCU_NB,ECO_ISIC4_I,OCU_ISCO08_1,2022,23.419,,,,R1:3513
KOR,BA:222,EMP_TEMP_ECO_OCU_NB,ECO_ISIC4_I,OCU_ISCO08_2,2022,9.033,,,,R1:3513
KOR,BA:222,EMP_TEMP_ECO_OCU_NB,ECO_ISIC4_I,OCU_ISCO08_3,2022,31.087,,,,R1:3513
KOR,BA:222,EMP_TEMP_ECO_OCU_NB,ECO_ISIC4_I,OCU_ISCO08_4,2022,1509.806,,,,R1:3513
KOR,BA:222,EMP_TEMP_ECO_OCU_NB,ECO_ISIC4_I,OCU_ISCO08_5,2022,203.302,,,,R1:3513
KOR,BA:222,EMP_TEMP_ECO_OCU_NB,ECO_ISIC4_I,OCU_ISCO08_7,2022,39.951,,,,R1:3513
KOR,BA:222,EMP_TEMP_ECO_OCU_NB,ECO_ISIC4_I,OCU_ISCO08_8,2022,3.575,,,,R1:3513
KOR,BA:222,EMP_TEMP_ECO_OCU_NB,ECO_ISIC4_I,OCU_ISCO08_9,2022,361.816,,,,R1:3513
KOR,BA:222,EMP_TEMP_ECO_OCU_NB,ECO_ISIC4_J,OCU_ISCO08_TOTAL,2022,980.715,,,,R1:3513
KOR,BA:222,EMP_TEMP_ECO_OCU_NB,ECO_ISIC4_J,OCU_ISCO08_1,2022,21.08,,,,R1:3513
KOR,BA:222,EMP_TEMP_ECO_OCU_NB,ECO_ISIC4_J,OCU_ISCO08_2,2022,626.775,,,,R1:3513
KOR,BA:222,EMP_TEMP_ECO_OCU_NB,ECO_ISIC4_J,OCU_ISCO08_3,2022,214.396,,,,R1:3513
KOR,BA:222,EMP_TEMP_ECO_OCU_NB,ECO_ISIC4_J,OCU_ISCO08_4,2022,2.897,,,,R1:3513
KOR,BA:222,EMP_TEMP_ECO_OCU_NB,ECO_ISIC4_J,OCU_ISCO08_5,2022,24.624,,,,R1:3513
KOR,BA:222,EMP_TEMP_ECO_OCU_NB,ECO_ISIC4_J,OCU_ISCO08_6,2022,,U,,,R1:3513
KOR,BA:222,EMP_TEMP_ECO_OCU_NB,ECO_ISIC4_J,OCU_ISCO08_7,2022,33.464,,,,R1:3513
KOR,BA:222,EMP_TEMP_ECO_OCU_NB,ECO_ISIC4_J,OCU_ISCO08_8,2022,8.228,,,,R1:3513
KOR,BA:222,EMP_TEMP_ECO_OCU_NB,ECO_ISIC4_J,OCU_ISCO08_9,2022,49.191,,,,R1:3513
KOR,BA:222,EMP_TEMP_ECO_OCU_NB,ECO_ISIC4_K,OCU_ISCO08_TOTAL,2022,728.313,,,,R1:3513
KOR,BA:222,EMP_TEMP_ECO_OCU_NB,ECO_ISIC4_K,OCU_ISCO08_1,2022,31.36,,,,R1:3513
KOR,BA:222,EMP_TEMP_ECO_OCU_NB,ECO_ISIC4_K,OCU_ISCO08_2,2022,77.304,,,,R1:3513
KOR,BA:222,EMP_TEMP_ECO_OCU_NB,ECO_ISIC4_K,OCU_ISCO08_3,2022,358.729,,,,R1:3513
KOR,BA:222,EMP_TEMP_ECO_OCU_NB,ECO_ISIC4_K,OCU_ISCO08_4,2022,2.57,,,,R1:3513
KOR,BA:222,EMP_TEMP_ECO_OCU_NB,ECO_ISIC4_K,OCU_ISCO08_5,2022,250.081,,,,R1:3513
KOR,BA:222,EMP_TEMP_ECO_OCU_NB,ECO_ISIC4_K,OCU_ISCO08_6,2022,0.249,U,,,R1:3513
KOR,BA:222,EMP_TEMP_ECO_OCU_NB,ECO_ISIC4_K,OCU_ISCO08_7,2022,0.716,,,,R1:3513
KOR,BA:222,EMP_TEMP_ECO_OCU_NB,ECO_ISIC4_K,OCU_ISCO08_8,2022,2.488,,,,R1:3513
KOR,BA:222,EMP_TEMP_ECO_OCU_NB,ECO_ISIC4_K,OCU_ISCO08_9,2022,4.816,,,,R1:3513
KOR,BA:222,EMP_TEMP_ECO_OCU_NB,ECO_ISIC4_L,OCU_ISCO08_TOTAL,2022,552.266,,,,R1:3513
KOR,BA:222,EMP_TEMP_ECO_OCU_NB,ECO_ISIC4_L,OCU_ISCO08_1,2022,23.669,,,,R1:3513
KOR,BA:222,EMP_TEMP_ECO_OCU_NB,ECO_ISIC4_L,OCU_ISCO08_2,2022,179.467,,,,R1:3513
KOR,BA:222,EMP_TEMP_ECO_OCU_NB,ECO_ISIC4_L,OCU_ISCO08_3,2022,133.027,,,,R1:3513
KOR,BA:222,EMP_TEMP_ECO_OCU_NB,ECO_ISIC4_L,OCU_ISCO08_4,2022,1.013,,,,R1:3513
KOR,BA:222,EMP_TEMP_ECO_OCU_NB,ECO_ISIC4_L,OCU_ISCO08_5,2022,5.636,,,,R1:3513
KOR,BA:222,EMP_TEMP_ECO_OCU_NB,ECO_ISIC4_L,OCU_ISCO08_6,2022,1.278,,,,R1:3513
KOR,BA:222,EMP_TEMP_ECO_OCU_NB,ECO_ISIC4_L,OCU_ISCO08_7,2022,22.748,,,,R1:3513
KOR,BA:222,EMP_TEMP_ECO_OCU_NB,ECO_ISIC4_L,OCU_ISCO08_8,2022,36.1,,,,R1:3513
KOR,BA:222,EMP_TEMP_ECO_OCU_NB,ECO_ISIC4_L,OCU_ISCO08_9,2022,149.327,,,,R1:3513
KOR,BA:222,EMP_TEMP_ECO_OCU_NB,ECO_ISIC4_M,OCU_ISCO08_TOTAL,2022,1287.853,,,,R1:3513
KOR,BA:222,EMP_TEMP_ECO_OCU_NB,ECO_ISIC4_M,OCU_ISCO08_1,2022,31.553,,,,R1:3513
KOR,BA:222,EMP_TEMP_ECO_OCU_NB,ECO_ISIC4_M,OCU_ISCO08_2,2022,761.731,,,,R1:3513
KOR,BA:222,EMP_TEMP_ECO_OCU_NB,ECO_ISIC4_M,OCU_ISCO08_3,2022,395.631,,,,R1:3513
KOR,BA:222,EMP_TEMP_ECO_OCU_NB,ECO_ISIC4_M,OCU_ISCO08_4,2022,23.138,,,,R1:3513
KOR,BA:222,EMP_TEMP_ECO_OCU_NB,ECO_ISIC4_M,OCU_ISCO08_5,2022,23.587,,,,R1:3513
KOR,BA:222,EMP_TEMP_ECO_OCU_NB,ECO_ISIC4_M,OCU_ISCO08_6,2022,,U,,,R1:3513
KOR,BA:222,EMP_TEMP_ECO_OCU_NB,ECO_ISIC4_M,OCU_ISCO08_7,2022,18.234,,,,R1:3513
KOR,BA:222,EMP_TEMP_ECO_OCU_NB,ECO_ISIC4_M,OCU_ISCO08_8,2022,20.345,,,,R1:3513
KOR,BA:222,EMP_TEMP_ECO_OCU_NB,ECO_ISIC4_M,OCU_ISCO08_9,2022,13.389,,,,R1:3513
KOR,BA:222,EMP_TEMP_ECO_OCU_NB,ECO_ISIC4_N,OCU_ISCO08_TOTAL,2022,1422.962,,,,R1:3513
KOR,BA:222,EMP_TEMP_ECO_OCU_NB,ECO_ISIC4_N,OCU_ISCO08_1,2022,16.008,,,,R1:3513
KOR,BA:222,EMP_TEMP_ECO_OCU_NB,ECO_ISIC4_N,OCU_ISCO08_2,2022,61.214,,,,R1:3513
KOR,BA:222,EMP_TEMP_ECO_OCU_NB,ECO_ISIC4_N,OCU_ISCO08_3,2022,315.53,,,,R1:3513
KOR,BA:222,EMP_TEMP_ECO_OCU_NB,ECO_ISIC4_N,OCU_ISCO08_4,2022,108.943,,,,R1:3513
KOR,BA:222,EMP_TEMP_ECO_OCU_NB,ECO_ISIC4_N,OCU_ISCO08_5,2022,68.436,,,,R1:3513
KOR,BA:222,EMP_TEMP_ECO_OCU_NB,ECO_ISIC4_N,OCU_ISCO08_6,2022,13.23,,,,R1:3513
KOR,BA:222,EMP_TEMP_ECO_OCU_NB,ECO_ISIC4_N,OCU_ISCO08_7,2022,87.931,,,,R1:3513
KOR,BA:222,EMP_TEMP_ECO_OCU_NB,ECO_ISIC4_N,OCU_ISCO08_8,2022,112.276,,,,R1:3513
KOR,BA:222,EMP_TEMP_ECO_OCU_NB,ECO_ISIC4_N,OCU_ISCO08_9,2022,639.395,,,,R1:3513
KOR,BA:222,EMP_TEMP_ECO_OCU_NB,ECO_ISIC4_O,OCU_ISCO08_TOTAL,2022,1258.735,,,,R1:3513
KOR,BA:222,EMP_TEMP_ECO_OCU_NB,ECO_ISIC4_O,OCU_ISCO08_1,2022,12.31,,,,R1:3513
KOR,BA:222,EMP_TEMP_ECO_OCU_NB,ECO_ISIC4_O,OCU_ISCO08_2,2022,106.721,,,,R1:3513
KOR,BA:222,EMP_TEMP_ECO_OCU_NB,ECO_ISIC4_O,OCU_ISCO08_3,2022,598.677,,,,R1:3513
KOR,BA:222,EMP_TEMP_ECO_OCU_NB,ECO_ISIC4_O,OCU_ISCO08_4,2022,258.656,,,,R1:3513
KOR,BA:222,EMP_TEMP_ECO_OCU_NB,ECO_ISIC4_O,OCU_ISCO08_5,2022,2.469,,,,R1:3513
KOR,BA:222,EMP_TEMP_ECO_OCU_NB,ECO_ISIC4_O,OCU_ISCO08_6,2022,2.998,,,,R1:3513
KOR,BA:222,EMP_TEMP_ECO_OCU_NB,ECO_ISIC4_O,OCU_ISCO08_7,2022,14.879,,,,R1:3513
KOR,BA:222,EMP_TEMP_ECO_OCU_NB,ECO_ISIC4_O,OCU_ISCO08_8,2022,13.892,,,,R1:3513
KOR,BA:222,EMP_TEMP_ECO_OCU_NB,ECO_ISIC4_O,OCU_ISCO08_9,2022,248.132,,,,R1:3513
KOR,BA:222,EMP_TEMP_ECO_OCU_NB,ECO_ISIC4_P,OCU_ISCO08_TOTAL,2022,1901.496,,,,R1:3513
KOR,BA:222,EMP_TEMP_ECO_OCU_NB,ECO_ISIC4_P,OCU_ISCO08_1,2022,29.701,,,,R1:3513
KOR,BA:222,EMP_TEMP_ECO_OCU_NB,ECO_ISIC4_P,OCU_ISCO08_2,2022,1315.074,,,,R1:3513
KOR,BA:222,EMP_TEMP_ECO_OCU_NB,ECO_ISIC4_P,OCU_ISCO08_3,2022,256.157,,,,R1:3513
KOR,BA:222,EMP_TEMP_ECO_OCU_NB,ECO_ISIC4_P,OCU_ISCO08_4,2022,126.347,,,,R1:3513
KOR,BA:222,EMP_TEMP_ECO_OCU_NB,ECO_ISIC4_P,OCU_ISCO08_5,2022,1.274,U,,,R1:3513
KOR,BA:222,EMP_TEMP_ECO_OCU_NB,ECO_ISIC4_P,OCU_ISCO08_6,2022,0.814,,,,R1:3513
KOR,BA:222,EMP_TEMP_ECO_OCU_NB,ECO_ISIC4_P,OCU_ISCO08_7,2022,20.612,,,,R1:3513
KOR,BA:222,EMP_TEMP_ECO_OCU_NB,ECO_ISIC4_P,OCU_ISCO08_8,2022,30.958,,,,R1:3513
KOR,BA:222,EMP_TEMP_ECO_OCU_NB,ECO_ISIC4_P,OCU_ISCO08_9,2022,120.559,,,,R1:3513
KOR,BA:222,EMP_TEMP_ECO_OCU_NB,ECO_ISIC4_Q,OCU_ISCO08_TOTAL,2022,2714.157,,,,R1:3513
KOR,BA:222,EMP_TEMP_ECO_OCU_NB,ECO_ISIC4_Q,OCU_ISCO08_1,2022,17.99,,,,R1:3513
KOR,BA:222,EMP_TEMP_ECO_OCU_NB,ECO_ISIC4_Q,OCU_ISCO08_2,2022,1325.245,,,,R1:3513
KOR,BA:222,EMP_TEMP_ECO_OCU_NB,ECO_ISIC4_Q,OCU_ISCO08_3,2022,214.12,,,,R1:3513
KOR,BA:222,EMP_TEMP_ECO_OCU_NB,ECO_ISIC4_Q,OCU_ISCO08_4,2022,655.484,,,,R1:3513
KOR,BA:222,EMP_TEMP_ECO_OCU_NB,ECO_ISIC4_Q,OCU_ISCO08_5,2022,5.228,,,,R1:3513
KOR,BA:222,EMP_TEMP_ECO_OCU_NB,ECO_ISIC4_Q,OCU_ISCO08_6,2022,0.411,U,,,R1:3513
KOR,BA:222,EMP_TEMP_ECO_OCU_NB,ECO_ISIC4_Q,OCU_ISCO08_7,2022,15.478,,,,R1:3513
KOR,BA:222,EMP_TEMP_ECO_OCU_NB,ECO_ISIC4_Q,OCU_ISCO08_8,2022,33.295,,,,R1:3513
KOR,BA:222,EMP_TEMP_ECO_OCU_NB,ECO_ISIC4_Q,OCU_ISCO08_9,2022,446.905,,,,R1:3513
KOR,BA:222,EMP_TEMP_ECO_OCU_NB,ECO_ISIC4_R,OCU_ISCO08_TOTAL,2022,482.215,,,,R1:3513
KOR,BA:222,EMP_TEMP_ECO_OCU_NB,ECO_ISIC4_R,OCU_ISCO08_1,2022,3.533,,,,R1:3513
KOR,BA:222,EMP_TEMP_ECO_OCU_NB,ECO_ISIC4_R,OCU_ISCO08_2,2022,179.262,,,,R1:3513
KOR,BA:222,EMP_TEMP_ECO_OCU_NB,ECO_ISIC4_R,OCU_ISCO08_3,2022,64.86,,,,R1:3513
KOR,BA:222,EMP_TEMP_ECO_OCU_NB,ECO_ISIC4_R,OCU_ISCO08_4,2022,140.924,,,,R1:3513
KOR,BA:222,EMP_TEMP_ECO_OCU_NB,ECO_ISIC4_R,OCU_ISCO08_5,2022,29.116,,,,R1:3513
KOR,BA:222,EMP_TEMP_ECO_OCU_NB,ECO_ISIC4_R,OCU_ISCO08_6,2022,8.091,,,,R1:3513
KOR,BA:222,EMP_TEMP_ECO_OCU_NB,ECO_ISIC4_R,OCU_ISCO08_7,2022,9.37,,,,R1:3513
KOR,BA:222,EMP_TEMP_ECO_OCU_NB,ECO_ISIC4_R,OCU_ISCO08_8,2022,5.394,,,,R1:3513
KOR,BA:222,EMP_TEMP_ECO_OCU_NB,ECO_ISIC4_R,OCU_ISCO08_9,2022,41.665,,,,R1:3513
KOR,BA:222,EMP_TEMP_ECO_OCU_NB,ECO_ISIC4_S,OCU_ISCO08_TOTAL,2022,1119.002,,,,R1:3513
KOR,BA:222,EMP_TEMP_ECO_OCU_NB,ECO_ISIC4_S,OCU_ISCO08_1,2022,2.374,,,,R1:3513
KOR,BA:222,EMP_TEMP_ECO_OCU_NB,ECO_ISIC4_S,OCU_ISCO08_2,2022,135.285,,,,R1:3513
KOR,BA:222,EMP_TEMP_ECO_OCU_NB,ECO_ISIC4_S,OCU_ISCO08_3,2022,119.688,,,,R1:3513
KOR,BA:222,EMP_TEMP_ECO_OCU_NB,ECO_ISIC4_S,OCU_ISCO08_4,2022,373.173,,,,R1:3513
KOR,BA:222,EMP_TEMP_ECO_OCU_NB,ECO_ISIC4_S,OCU_ISCO08_5,2022,26.387,,,,R1:3513
KOR,BA:222,EMP_TEMP_ECO_OCU_NB,ECO_ISIC4_S,OCU_ISCO08_6,2022,,U,,,R1:3513
KOR,BA:222,EMP_TEMP_ECO_OCU_NB,ECO_ISIC4_S,OCU_ISCO08_7,2022,280.088,,,,R1:3513
KOR,BA:222,EMP_TEMP_ECO_OCU_NB,ECO_ISIC4_S,OCU_ISCO08_8,2022,68.222,,,,R1:3513
KOR,BA:222,EMP_TEMP_ECO_OCU_NB,ECO_ISIC4_S,OCU_ISCO08_9,2022,113.697,,,,R1:3513
KOR,BA:222,EMP_TEMP_ECO_OCU_NB,ECO_ISIC4_T,OCU_ISCO08_TOTAL,2022,79.939,,,,R1:3513
KOR,BA:222,EMP_TEMP_ECO_OCU_NB,ECO_ISIC4_T,OCU_ISCO08_2,2022,1.276,,,,R1:3513
KOR,BA:222,EMP_TEMP_ECO_OCU_NB,ECO_ISIC4_T,OCU_ISCO08_4,2022,5.071,,,,R1:3513
KOR,BA:222,EMP_TEMP_ECO_OCU_NB,ECO_ISIC4_T,OCU_ISCO08_9,2022,73.592,,,,R1:3513
KOR,BA:222,EMP_TEMP_ECO_OCU_NB,ECO_ISIC4_U,OCU_ISCO08_TOTAL,2022,16.132,,,,R1:3513
KOR,BA:222,EMP_TEMP_ECO_OCU_NB,ECO_ISIC4_U,OCU_ISCO08_3,2022,7.365,,,,R1:3513
KOR,BA:222,EMP_TEMP_ECO_OCU_NB,ECO_ISIC4_U,OCU_ISCO08_4,2022,2.023,U,,,R1:3513
KOR,BA:222,EMP_TEMP_ECO_OCU_NB,ECO_ISIC4_U,OCU_ISCO08_7,2022,2.247,,,,R1:3513
KOR,BA:222,EMP_TEMP_ECO_OCU_NB,ECO_ISIC4_U,OCU_ISCO08_8,2022,2.148,,,,R1:3513
KOR,BA:222,EMP_TEMP_ECO_OCU_NB,ECO_ISIC4_U,OCU_ISCO08_9,2022,2.348,,,,R1:3513
KOR,BA:222,EMP_TEMP_ECO_OCU_NB,ECO_ISIC4_X,OCU_ISCO08_TOTAL,2022,140.226,,,,R1:3513
KOR,BA:222,EMP_TEMP_ECO_OCU_NB,ECO_ISIC4_X,OCU_ISCO08_X,2022,140.226,,,,R1:3513
